Year,1965,1966,1967,1968,1969,1970,1971,1972,1973,1974,1975,1976,1977,1978,1979,1980,1981,1982,1983,1984,1985,1986,1987,1988,1989,1990,1991,1992,1993,1994,1995,1996,1997,1998,1999,2000,2001,2002,2003,2004,2005,2006,2007,2008,2009,2010,2011,2012,2013,2014,2015,2016,2017,2018,2019,2020
Canada,4.92,5.24,5.48,5.84,6.19,6.62,6.83,7.35,7.98,8.23,8.11,8.49,8.98,9.14,9.41,9.59,9.52,9.23,9.18,9.76,10.07,10.17,10.50,10.93,11.05,10.62,10.65,10.94,11.21,11.64,11.93,12.25,12.31,12.15,12.53,12.87,12.62,13.04,13.11,13.32,13.42,13.34,13.83,13.69,13.14,13.27,13.78,13.81,14.14,14.19,14.26,14.11,14.24,14.44,14.45,13.63
Mexico,1.05,1.11,1.13,1.23,1.35,1.44,1.52,1.68,1.81,2.00,2.13,2.27,2.39,2.70,2.98,3.25,3.59,3.74,3.70,3.88,4.07,3.95,4.08,4.11,4.34,4.56,4.74,4.82,4.85,5.13,5.05,5.21,5.29,5.53,5.60,5.86,5.79,5.98,6.03,6.35,6.76,6.97,7.01,7.16,7.10,7.31,7.66,7.71,7.74,7.70,7.69,7.79,7.90,7.84,7.55,6.48
US,51.83,54.74,56.63,60.02,63.11,65.35,66.71,70.03,73.00,71.18,69.29,73.10,74.99,76.61,77.43,74.44,72.23,69.24,68.98,72.52,72.35,73.01,75.48,78.94,80.82,81.00,80.88,82.09,83.81,85.36,87.20,90.12,90.81,91.40,93.02,95.13,92.89,94.23,94.52,96.38,96.42,95.64,96.97,94.58,89.88,92.91,92.05,89.62,92.04,92.99,92.09,91.96,92.26,95.64,94.90,87.79
Argentina,1.18,1.22,1.26,1.30,1.34,1.27,1.35,1.36,1.43,1.48,1.45,1.52,1.58,1.59,1.70,1.69,1.64,1.67,1.74,1.74,1.72,1.82,1.90,1.93,1.87,1.84,1.87,2.01,2.06,2.18,2.26,2.39,2.43,2.52,2.54,2.55,2.49,2.39,2.55,2.71,2.87,3.02,3.16,3.20,3.11,3.23,3.34,3.46,3.59,3.59,3.66,3.63,3.64,3.59,3.38,3.15
Brazil,0.97,1.06,1.10,1.25,1.37,1.59,1.73,2.00,2.38,2.60,2.75,3.02,3.23,3.56,3.85,3.93,3.83,4.02,4.10,4.40,4.69,5.00,5.15,5.34,5.45,5.36,5.57,5.83,6.09,6.40,6.72,7.09,7.50,7.77,7.91,8.04,7.87,8.06,8.20,8.60,8.84,9.06,9.61,10.03,9.95,10.95,11.46,11.67,12.10,12.38,12.20,11.89,12.04,12.12,12.42,12.01
Chile,0.26,0.28,0.28,0.28,0.31,0.32,0.35,0.36,0.35,0.34,0.31,0.32,0.34,0.36,0.37,0.38,0.39,0.36,0.37,0.38,0.39,0.41,0.43,0.48,0.53,0.55,0.62,0.69,0.73,0.76,0.82,0.87,1.00,1.00,1.04,1.10,1.11,1.15,1.14,1.20,1.25,1.33,1.36,1.35,1.32,1.33,1.44,1.48,1.49,1.46,1.50,1.57,1.58,1.64,1.68,1.61
Colombia,0.32,0.35,0.37,0.39,0.40,0.43,0.42,0.48,0.48,0.53,0.54,0.57,0.58,0.62,0.66,0.67,0.68,0.72,0.75,0.77,0.80,0.83,0.90,0.90,0.95,0.89,0.92,0.96,1.06,1.14,1.16,1.19,1.23,1.23,1.14,1.11,1.09,1.09,1.12,1.14,1.15,1.28,1.29,1.39,1.37,1.44,1.48,1.59,1.60,1.68,1.70,1.78,1.82,1.85,1.91,1.77
Ecuador,0.03,0.03,0.04,0.04,0.04,0.05,0.06,0.06,0.07,0.08,0.08,0.08,0.10,0.11,0.11,0.14,0.15,0.17,0.17,0.18,0.22,0.23,0.23,0.27,0.28,0.29,0.32,0.32,0.33,0.36,0.34,0.38,0.43,0.43,0.39,0.37,0.38,0.37,0.38,0.41,0.43,0.45,0.48,0.51,0.50,0.55,0.59,0.62,0.64,0.67,0.67,0.66,0.69,0.73,0.74,0.65
Peru,0.20,0.25,0.25,0.25,0.26,0.26,0.28,0.25,0.28,0.33,0.34,0.34,0.35,0.34,0.36,0.38,0.40,0.40,0.36,0.37,0.37,0.40,0.43,0.42,0.38,0.38,0.38,0.37,0.40,0.43,0.47,0.49,0.49,0.50,0.51,0.52,0.52,0.53,0.52,0.56,0.58,0.59,0.64,0.69,0.71,0.81,0.90,0.93,0.94,0.97,1.02,1.09,1.11,1.17,1.19,1.00
Trinidad & Tobago,0.12,0.13,0.14,0.14,0.15,0.16,0.16,0.22,0.22,0.21,0.17,0.19,0.20,0.20,0.18,0.17,0.18,0.21,0.21,0.21,0.21,0.22,0.21,0.23,0.23,0.25,0.25,0.26,0.28,0.30,0.32,0.36,0.36,0.37,0.41,0.43,0.46,0.50,0.56,0.62,0.66,0.77,0.80,0.79,0.78,0.84,0.83,0.81,0.83,0.82,0.80,0.71,0.75,0.71,0.71,0.62
Venezuela,0.69,0.70,0.73,0.79,0.80,0.81,0.82,0.86,0.99,1.02,1.06,1.16,1.29,1.32,1.46,1.63,1.69,1.73,1.72,1.75,1.80,1.93,1.93,2.01,2.02,2.15,2.16,2.34,2.31,2.51,2.59,2.52,2.66,2.82,2.82,2.91,3.02,3.06,2.86,3.10,3.19,3.37,3.56,3.49,3.48,3.36,3.44,3.61,3.65,3.47,3.43,2.99,2.93,2.47,1.95,1.44
Central America,0.18,0.19,0.20,0.20,0.22,0.22,0.24,0.26,0.27,0.28,0.30,0.32,0.32,0.33,0.34,0.33,0.34,0.34,0.34,0.34,0.35,0.36,0.38,0.38,0.41,0.42,0.44,0.49,0.52,0.55,0.60,0.61,0.64,0.71,0.74,0.77,0.79,0.81,0.84,0.87,0.87,0.92,0.96,0.99,0.97,1.01,1.06,1.10,1.11,1.14,1.25,1.30,1.34,1.36,1.43,1.30
Other Caribbean,0.79,0.82,0.85,0.87,0.89,1.02,1.06,1.13,1.22,1.21,1.18,1.20,1.26,1.29,1.33,1.50,1.51,1.32,1.27,1.35,1.27,1.25,1.30,1.31,1.37,1.35,1.32,1.25,1.25,1.31,1.31,1.36,1.44,1.49,1.45,1.65,1.68,1.70,1.74,1.75,1.75,1.80,1.74,1.68,1.57,1.55,1.59,1.57,1.53,1.51,1.56,1.61,1.57,1.62,1.67,1.56
Other South America,0.11,0.13,0.14,0.14,0.15,0.16,0.18,0.19,0.20,0.19,0.21,0.21,0.22,0.25,0.26,0.28,0.26,0.25,0.24,0.24,0.28,0.37,0.44,0.47,0.51,0.55,0.58,0.59,0.64,0.72,0.80,0.84,0.91,0.95,0.95,0.93,0.86,0.89,0.93,0.92,0.93,0.93,1.00,1.03,1.06,1.11,1.15,1.17,1.21,1.18,1.20,1.30,1.29,1.31,1.24,1.09
Austria,0.67,0.70,0.71,0.76,0.79,0.90,0.90,0.93,1.00,1.00,1.00,1.03,1.03,1.08,1.14,1.14,1.10,1.06,1.06,1.05,1.11,1.12,1.18,1.16,1.17,1.18,1.24,1.22,1.24,1.24,1.29,1.30,1.33,1.35,1.38,1.38,1.43,1.43,1.45,1.48,1.50,1.49,1.45,1.48,1.43,1.48,1.38,1.45,1.44,1.38,1.38,1.43,1.46,1.43,1.50,1.38
Belgium,1.49,1.43,1.50,1.68,1.84,1.94,1.91,2.03,2.05,1.98,1.86,1.98,1.98,2.07,2.13,2.03,1.93,1.85,1.79,1.87,1.95,2.01,2.07,2.11,2.13,2.23,2.30,2.30,2.26,2.38,2.41,2.56,2.59,2.64,2.62,2.66,2.64,2.63,2.73,2.74,2.71,2.72,2.73,2.78,2.59,2.76,2.58,2.47,2.54,2.36,2.39,2.58,2.61,2.59,2.67,2.19
Bulgaria,0.43,0.46,0.54,0.60,0.67,0.75,0.78,0.81,0.84,0.86,0.95,1.01,1.06,1.10,1.14,1.21,1.19,1.22,1.22,1.22,1.21,1.23,1.24,1.27,1.26,1.16,0.94,0.88,0.94,0.90,0.97,0.97,0.92,0.88,0.77,0.78,0.80,0.78,0.81,0.79,0.85,0.87,0.84,0.83,0.72,0.75,0.80,0.76,0.70,0.75,0.80,0.76,0.77,0.77,0.75,0.69
Croatia,n/a,n/a,n/a,n/a,n/a,n/a,n/a,n/a,n/a,n/a,n/a,n/a,n/a,n/a,n/a,n/a,n/a,n/a,n/a,n/a,n/a,n/a,n/a,n/a,n/a,0.36,0.30,0.29,0.30,0.30,0.31,0.33,0.33,0.35,0.36,0.34,0.36,0.36,0.38,0.39,0.39,0.38,0.39,0.38,0.38,0.38,0.34,0.31,0.34,0.34,0.32,0.34,0.34,0.35,0.34,0.33
Cyprus,0.02,0.02,0.02,0.02,0.03,0.03,0.03,0.04,0.04,0.04,0.03,0.03,0.04,0.04,0.04,0.04,0.04,0.04,0.04,0.05,0.05,0.05,0.06,0.06,0.07,0.07,0.07,0.08,0.09,0.09,0.09,0.09,0.09,0.10,0.10,0.11,0.11,0.11,0.12,0.11,0.13,0.12,0.13,0.13,0.13,0.12,0.12,0.11,0.10,0.10,0.10,0.11,0.12,0.12,0.12,0.10
Czech Republic,1.69,1.70,1.67,1.74,1.82,1.90,1.99,2.00,2.02,2.04,2.12,2.18,2.25,2.28,2.31,2.23,2.22,2.19,2.19,2.27,2.27,2.30,2.35,2.36,2.29,1.96,1.79,1.74,1.72,1.68,1.75,1.81,1.73,1.68,1.61,1.70,1.74,1.75,1.85,1.89,1.86,1.90,1.88,1.84,1.76,1.84,1.79,1.78,1.75,1.71,1.68,1.65,1.72,1.72,1.70,1.54
Denmark,0.60,0.68,0.68,0.72,0.82,0.87,0.83,0.87,0.84,0.77,0.76,0.83,0.85,0.86,0.86,0.84,0.75,0.72,0.68,0.70,0.78,0.80,0.77,0.76,0.70,0.73,0.84,0.78,0.83,0.89,0.88,1.04,0.94,0.91,0.88,0.85,0.85,0.85,0.91,0.86,0.83,0.92,0.87,0.83,0.78,0.82,0.78,0.72,0.75,0.72,0.70,0.71,0.70,0.70,0.68,0.59
Estonia,n/a,n/a,n/a,n/a,n/a,n/a,n/a,n/a,n/a,n/a,n/a,n/a,n/a,n/a,n/a,n/a,n/a,n/a,n/a,n/a,0.43,0.42,0.43,0.42,0.44,0.43,0.39,0.28,0.22,0.22,0.21,0.22,0.22,0.21,0.19,0.19,0.20,0.20,0.22,0.23,0.22,0.22,0.25,0.24,0.21,0.26,0.26,0.27,0.28,0.27,0.25,0.25,0.28,0.29,0.22,0.19
Finland,0.41,0.47,0.49,0.53,0.59,0.65,0.66,0.70,0.77,0.74,0.75,0.80,0.84,0.88,0.95,0.94,0.95,0.94,0.93,0.97,1.02,1.03,1.08,1.08,1.08,1.14,1.17,1.16,1.17,1.23,1.17,1.23,1.24,1.28,1.26,1.27,1.30,1.30,1.40,1.38,1.26,1.35,1.35,1.29,1.20,1.30,1.22,1.18,1.19,1.15,1.14,1.16,1.13,1.16,1.13,1.10
France,4.68,4.79,5.11,5.39,5.94,6.45,6.71,7.18,7.80,7.65,7.20,7.68,7.76,8.11,8.35,8.25,8.15,7.85,8.04,8.31,8.58,8.79,8.94,9.06,9.18,9.46,10.06,10.14,10.13,10.00,10.24,10.63,10.48,10.73,10.91,11.05,11.18,11.07,11.19,11.28,11.21,11.12,10.92,10.95,10.34,10.65,10.24,10.23,10.33,9.89,9.95,9.79,9.72,9.88,9.67,8.70
Germany,10.68,10.71,10.68,11.40,12.30,12.99,13.11,13.56,14.34,14.09,13.53,14.44,14.40,14.92,15.75,15.23,14.76,14.23,14.44,14.96,15.40,15.27,15.40,15.45,15.29,15.05,14.68,14.38,14.32,14.19,14.26,14.73,14.54,14.42,14.22,14.31,14.56,14.37,14.35,14.34,14.17,14.51,13.89,14.03,13.15,13.70,13.20,13.37,13.74,13.16,13.40,13.62,13.78,13.44,13.05,12.11
Greece,0.28,0.31,0.34,0.36,0.38,0.42,0.50,0.56,0.64,0.63,0.71,0.79,0.82,0.83,0.73,0.72,0.71,0.71,0.72,0.75,0.79,0.79,0.87,0.92,1.00,1.03,1.05,1.07,1.08,1.10,1.14,1.17,1.20,1.27,1.27,1.34,1.35,1.35,1.43,1.43,1.43,1.48,1.51,1.46,1.41,1.34,1.31,1.23,1.16,1.09,1.10,1.08,1.13,1.13,1.19,1.00
Hungary,0.67,0.67,0.64,0.67,0.72,0.77,0.80,0.82,0.89,0.92,0.97,1.04,1.09,1.17,1.16,1.16,1.15,1.15,1.13,1.16,1.20,1.19,1.25,1.22,1.18,1.16,1.08,1.04,1.01,1.02,1.03,1.05,1.02,1.04,1.04,1.01,1.03,1.02,1.02,1.04,1.11,1.09,1.07,1.06,0.97,0.99,0.96,0.90,0.85,0.85,0.90,0.91,0.96,0.97,0.98,0.97
Iceland,0.03,0.03,0.03,0.03,0.03,0.04,0.04,0.04,0.05,0.05,0.05,0.05,0.05,0.05,0.06,0.06,0.06,0.06,0.06,0.06,0.06,0.07,0.07,0.07,0.08,0.08,0.07,0.08,0.08,0.08,0.08,0.09,0.09,0.10,0.11,0.12,0.12,0.12,0.12,0.12,0.12,0.14,0.16,0.19,0.19,0.19,0.19,0.20,0.20,0.20,0.21,0.21,0.22,0.23,0.22,0.21
Ireland,0.24,0.27,0.30,0.34,0.35,0.27,0.28,0.30,0.31,0.32,0.30,0.31,0.33,0.34,0.37,0.36,0.35,0.35,0.34,0.34,0.36,0.39,0.39,0.39,0.40,0.42,0.44,0.44,0.45,0.47,0.48,0.50,0.52,0.56,0.60,0.62,0.66,0.65,0.64,0.65,0.67,0.69,0.71,0.71,0.64,0.64,0.61,0.60,0.59,0.58,0.62,0.65,0.65,0.66,0.66,0.62
Italy,3.31,3.60,3.90,4.22,4.54,5.02,5.29,5.54,5.79,5.79,5.66,5.98,5.99,6.14,6.34,6.17,6.05,5.92,5.80,5.89,5.87,6.03,6.21,6.36,6.55,6.66,6.86,6.83,6.69,6.67,6.95,6.94,7.06,7.22,7.42,7.53,7.52,7.47,7.71,7.87,7.89,7.85,7.70,7.56,7.05,7.27,7.13,6.92,6.60,6.24,6.42,6.45,6.52,6.57,6.45,5.86
Latvia,n/a,n/a,n/a,n/a,n/a,n/a,n/a,n/a,n/a,n/a,n/a,n/a,n/a,n/a,n/a,n/a,n/a,n/a,n/a,n/a,0.38,0.35,0.32,0.30,0.30,0.31,0.28,0.20,0.18,0.17,0.16,0.15,0.15,0.16,0.14,0.13,0.14,0.15,0.14,0.16,0.17,0.16,0.16,0.16,0.16,0.18,0.16,0.16,0.16,0.14,0.15,0.16,0.17,0.16,0.16,0.15
Lithuania,n/a,n/a,n/a,n/a,n/a,n/a,n/a,n/a,n/a,n/a,n/a,n/a,n/a,n/a,n/a,n/a,n/a,n/a,n/a,n/a,0.65,0.60,0.63,0.66,0.71,0.72,0.76,0.47,0.37,0.32,0.35,0.38,0.35,0.38,0.32,0.28,0.33,0.35,0.36,0.37,0.33,0.32,0.35,0.35,0.32,0.24,0.24,0.25,0.23,0.22,0.23,0.23,0.24,0.25,0.25,0.25
Luxembourg,0.15,0.14,0.14,0.15,0.17,0.17,0.17,0.17,0.18,0.18,0.15,0.15,0.14,0.15,0.15,0.14,0.12,0.11,0.10,0.11,0.12,0.11,0.11,0.11,0.13,0.13,0.14,0.14,0.15,0.14,0.12,0.13,0.12,0.12,0.13,0.13,0.14,0.16,0.16,0.19,0.19,0.19,0.18,0.18,0.17,0.18,0.18,0.17,0.16,0.16,0.15,0.15,0.16,0.17,0.17,0.14
Netherlands,1.49,1.60,1.69,1.89,2.11,2.38,2.50,2.91,3.09,2.94,2.96,3.23,3.17,3.23,3.34,3.14,2.98,2.75,2.76,2.87,2.96,3.11,3.17,3.18,3.20,3.28,3.34,3.38,3.41,3.37,3.51,3.66,3.59,3.62,3.57,3.62,3.76,3.76,3.79,3.91,3.99,3.91,3.98,3.93,3.87,4.10,3.92,3.79,3.68,3.47,3.52,3.59,3.53,3.53,3.51,3.37
North Macedonia,n/a,n/a,n/a,n/a,n/a,n/a,n/a,n/a,n/a,n/a,n/a,n/a,n/a,n/a,n/a,n/a,n/a,n/a,n/a,n/a,n/a,n/a,n/a,n/a,n/a,0.11,0.11,0.11,0.11,0.10,0.10,0.12,0.11,0.12,0.12,0.11,0.10,0.10,0.11,0.11,0.12,0.12,0.12,0.11,0.11,0.12,0.12,0.11,0.11,0.10,0.10,0.11,0.11,0.10,0.11,0.10
Norway,0.74,0.76,0.82,0.92,0.92,0.96,1.01,1.07,1.14,1.14,1.16,1.24,1.15,1.29,1.38,1.31,1.38,1.36,1.50,1.52,1.50,1.47,1.54,1.59,1.69,1.70,1.57,1.66,1.71,1.65,1.75,1.61,1.70,1.76,1.81,2.00,1.81,1.88,1.67,1.70,1.93,1.77,1.90,1.95,1.80,1.73,1.75,1.94,1.82,1.87,1.89,1.91,1.92,1.90,1.78,1.93
Poland,2.79,2.85,2.93,3.15,3.37,3.56,3.67,3.87,3.94,4.07,4.39,4.63,4.82,5.06,5.14,5.38,4.85,4.94,4.96,5.16,5.28,5.43,5.60,5.50,5.29,4.36,4.26,4.08,4.07,3.90,3.99,4.19,4.15,3.97,3.90,3.66,3.64,3.60,3.72,3.75,3.83,4.02,4.00,4.07,3.92,4.18,4.20,4.07,4.09,3.93,3.97,4.15,4.31,4.37,4.24,4.01
Portugal,0.18,0.19,0.21,0.21,0.23,0.27,0.30,0.33,0.36,0.38,0.38,0.37,0.42,0.44,0.47,0.46,0.45,0.49,0.50,0.52,0.53,0.57,0.58,0.64,0.70,0.71,0.73,0.74,0.76,0.79,0.87,0.89,0.91,0.99,1.02,1.05,1.06,1.06,1.08,1.06,1.06,1.05,1.06,1.02,1.03,1.08,1.03,0.94,1.03,1.05,1.03,1.10,1.07,1.08,1.03,0.93
Romania,1.00,1.07,1.19,1.27,1.46,1.55,1.65,1.74,1.89,1.90,2.07,2.24,2.37,2.55,2.60,2.63,2.63,2.61,2.59,2.57,2.57,2.62,2.72,2.77,2.77,2.64,2.24,1.97,1.92,1.81,1.99,1.97,1.87,1.71,1.50,1.50,1.52,1.58,1.58,1.63,1.64,1.67,1.61,1.62,1.41,1.42,1.46,1.40,1.31,1.35,1.36,1.36,1.38,1.41,1.38,1.33
Slovakia,0.38,0.40,0.40,0.44,0.46,0.51,0.55,0.57,0.60,0.63,0.66,0.68,0.72,0.75,0.77,0.79,0.78,0.77,0.77,0.83,0.86,0.85,0.87,0.88,0.89,0.89,0.80,0.77,0.75,0.74,0.75,0.76,0.74,0.75,0.75,0.78,0.80,0.81,0.78,0.76,0.80,0.78,0.73,0.75,0.69,0.73,0.70,0.67,0.69,0.64,0.65,0.65,0.69,0.68,0.66,0.62
Slovenia,n/a,n/a,n/a,n/a,n/a,n/a,n/a,n/a,n/a,n/a,n/a,n/a,n/a,n/a,n/a,n/a,n/a,n/a,n/a,n/a,n/a,n/a,n/a,n/a,n/a,0.25,0.25,0.23,0.24,0.25,0.27,0.28,0.28,0.29,0.28,0.28,0.29,0.29,0.29,0.30,0.30,0.31,0.30,0.33,0.31,0.31,0.30,0.29,0.29,0.29,0.27,0.28,0.29,0.29,0.28,0.27
Spain,1.20,1.36,1.47,1.54,1.74,1.89,2.07,2.24,2.46,2.56,2.63,2.82,2.91,2.92,3.15,3.17,3.20,3.20,3.27,3.32,3.29,3.36,3.49,3.64,3.82,3.82,3.95,4.15,4.01,4.20,4.36,4.52,4.77,5.01,5.17,5.46,5.71,5.78,6.09,6.32,6.37,6.46,6.60,6.41,5.93,6.08,5.97,5.93,5.62,5.51,5.59,5.64,5.72,5.79,5.60,4.97
Sweden,1.38,1.48,1.51,1.62,1.62,1.72,1.75,1.80,1.90,1.76,1.87,1.99,1.96,2.28,2.41,2.26,2.24,2.13,2.11,2.23,2.43,2.52,2.46,2.41,2.35,2.39,2.27,2.28,2.26,2.26,2.29,2.23,2.30,2.49,2.42,2.23,2.40,2.25,2.16,2.32,2.38,2.23,2.26,2.22,2.04,2.16,2.13,2.26,2.12,2.11,2.17,2.14,2.21,2.16,2.24,2.20
Switzerland,0.64,0.69,0.73,0.77,0.80,0.88,0.90,0.89,0.98,0.94,0.97,0.93,1.03,1.01,1.01,1.08,1.08,1.06,1.10,1.07,1.14,1.20,1.19,1.20,1.12,1.17,1.20,1.22,1.21,1.28,1.21,1.17,1.25,1.26,1.31,1.28,1.37,1.27,1.26,1.24,1.19,1.24,1.23,1.27,1.26,1.23,1.17,1.23,1.26,1.21,1.18,1.11,1.11,1.13,1.18,1.08
Turkey,0.33,0.38,0.39,0.45,0.49,0.53,0.58,0.65,0.74,0.75,0.84,0.94,1.03,1.09,1.03,1.07,1.08,1.17,1.22,1.28,1.38,1.51,1.71,1.88,1.85,2.01,2.05,2.15,2.34,2.27,2.53,2.76,2.89,2.97,2.89,3.09,2.81,3.07,3.25,3.48,3.56,3.95,4.21,4.22,4.28,4.50,4.81,5.11,5.07,5.23,5.72,6.01,6.37,6.29,6.51,6.29
Ukraine,n/a,n/a,n/a,n/a,n/a,n/a,n/a,n/a,n/a,n/a,n/a,n/a,n/a,n/a,n/a,n/a,n/a,n/a,n/a,n/a,9.99,10.04,10.25,10.26,9.81,11.48,10.76,9.09,7.96,6.80,6.64,6.18,5.96,5.75,5.67,5.68,5.60,5.57,5.71,5.68,5.75,5.82,5.80,5.60,4.77,5.10,5.27,5.17,4.89,4.33,3.59,3.75,3.49,3.62,3.42,3.31
United Kingdom,8.33,8.37,8.37,8.67,8.99,9.18,9.01,9.14,9.59,9.11,8.59,8.76,8.93,8.98,9.40,8.56,8.32,8.21,8.25,8.24,8.59,8.83,8.82,8.93,8.94,9.01,9.20,9.14,9.25,9.13,9.16,9.61,9.44,9.54,9.49,9.57,9.68,9.46,9.60,9.65,9.75,9.63,9.34,9.17,8.71,8.92,8.43,8.53,8.48,7.99,8.08,7.99,7.96,7.95,7.73,6.89
Other Europe,0.66,0.70,0.71,0.78,0.83,0.91,1.07,1.11,1.17,1.29,1.30,1.39,1.49,1.62,1.76,1.71,1.70,1.77,1.91,1.99,2.54,2.67,2.70,2.79,2.71,1.91,1.69,1.47,1.27,1.09,1.11,1.22,1.31,1.33,1.21,1.30,1.36,1.42,1.50,1.63,1.61,1.65,1.60,1.64,1.66,1.78,1.75,1.64,1.73,1.58,1.69,1.79,1.78,1.86,1.92,1.72
Azerbaijan,n/a,n/a,n/a,n/a,n/a,n/a,n/a,n/a,n/a,n/a,n/a,n/a,n/a,n/a,n/a,n/a,n/a,n/a,n/a,n/a,0.84,0.91,0.88,0.88,0.90,0.94,0.90,0.77,0.67,0.61,0.58,0.47,0.45,0.45,0.45,0.47,0.46,0.45,0.49,0.55,0.60,0.59,0.53,0.54,0.47,0.47,0.52,0.54,0.55,0.56,0.62,0.61,0.60,0.62,0.65,0.62
Belarus,n/a,n/a,n/a,n/a,n/a,n/a,n/a,n/a,n/a,n/a,n/a,n/a,n/a,n/a,n/a,n/a,n/a,n/a,n/a,n/a,1.47,1.68,1.70,1.73,1.67,1.60,1.58,1.50,1.20,1.00,0.91,0.93,0.94,0.92,0.89,0.92,0.90,0.92,0.92,1.03,1.03,1.10,1.07,1.08,1.03,1.09,1.08,1.17,1.03,1.07,0.97,0.96,0.98,1.07,1.05,0.98
Kazakhstan,n/a,n/a,n/a,n/a,n/a,n/a,n/a,n/a,n/a,n/a,n/a,n/a,n/a,n/a,n/a,n/a,n/a,n/a,n/a,n/a,2.86,2.93,2.99,3.10,3.05,3.09,3.09,3.05,2.69,2.39,2.15,1.87,1.65,1.55,1.46,1.33,1.49,1.52,1.67,1.76,1.83,1.98,2.19,2.31,2.08,2.24,2.53,2.66,2.67,2.73,2.74,2.73,2.94,3.24,3.15,3.11
Russian Federation,n/a,n/a,n/a,n/a,n/a,n/a,n/a,n/a,n/a,n/a,n/a,n/a,n/a,n/a,n/a,n/a,n/a,n/a,n/a,n/a,34.27,34.88,36.02,36.65,36.79,36.14,35.64,34.30,31.97,29.16,27.59,26.56,25.11,25.07,25.38,25.84,26.24,26.14,26.68,26.91,26.88,28.04,28.21,28.34,26.92,27.99,28.92,28.98,28.65,28.72,28.23,28.82,29.00,30.11,29.90,28.31
Turkmenistan,n/a,n/a,n/a,n/a,n/a,n/a,n/a,n/a,n/a,n/a,n/a,n/a,n/a,n/a,n/a,n/a,n/a,n/a,n/a,n/a,0.52,0.64,0.64,0.64,0.66,0.55,0.56,0.54,0.44,0.47,0.39,0.56,0.43,0.54,0.51,0.43,0.54,0.46,0.63,0.63,0.64,0.64,0.62,0.51,0.83,0.90,1.00,1.09,0.97,1.00,1.20,1.19,1.17,1.31,1.43,1.40
Uzbekistan,n/a,n/a,n/a,n/a,n/a,n/a,n/a,n/a,n/a,n/a,n/a,n/a,n/a,n/a,n/a,n/a,n/a,n/a,n/a,n/a,1.73,1.71,1.74,1.85,1.88,1.87,1.85,1.75,1.88,1.85,1.83,1.88,1.86,1.86,2.10,2.15,2.16,2.21,2.03,2.02,2.02,1.88,2.00,1.89,1.89,1.88,1.95,1.93,1.96,2.02,1.93,1.85,1.85,1.92,1.92,1.87
Other CIS,n/a,n/a,n/a,n/a,n/a,n/a,n/a,n/a,n/a,n/a,n/a,n/a,n/a,n/a,n/a,n/a,n/a,n/a,n/a,n/a,1.40,1.34,1.38,1.52,1.46,1.47,1.22,1.03,0.82,0.69,0.60,0.65,0.61,0.61,0.58,0.56,0.55,0.55,0.58,0.63,0.65,0.66,0.70,0.68,0.65,0.67,0.71,0.74,0.71,0.73,0.72,0.73,0.76,0.83,0.80,0.82
Iran,0.35,0.38,0.42,0.46,0.51,0.60,0.65,0.74,0.89,1.00,1.17,1.32,1.49,1.46,1.57,1.46,1.46,1.65,1.96,2.12,2.31,2.17,2.32,2.37,2.59,2.92,3.17,3.50,3.24,3.63,3.80,4.14,4.27,4.44,4.79,5.03,5.37,5.85,5.96,6.59,6.98,7.62,8.10,8.36,8.57,8.72,9.11,9.21,9.55,9.98,9.93,10.40,10.79,11.42,11.97,12.03
Iraq,0.07,0.08,0.08,0.09,0.10,0.13,0.14,0.17,0.17,0.16,0.18,0.23,0.24,0.23,0.29,0.34,0.34,0.36,0.39,0.43,0.51,0.57,0.68,0.79,0.89,0.82,0.55,0.87,1.18,1.35,1.33,1.38,1.61,1.13,0.85,1.08,1.21,1.15,1.06,1.13,1.09,1.11,1.18,1.22,1.36,1.45,1.54,1.63,1.76,1.69,1.68,1.93,1.91,2.00,2.20,2.06
Israel,0.17,0.18,0.18,0.19,0.20,0.21,0.22,0.23,0.24,0.24,0.25,0.26,0.27,0.29,0.32,0.34,0.35,0.36,0.36,0.37,0.36,0.38,0.42,0.45,0.46,0.48,0.50,0.54,0.57,0.63,0.70,0.74,0.72,0.77,0.80,0.84,0.84,0.85,0.87,0.88,0.91,0.91,0.96,0.98,0.94,0.99,1.02,1.06,0.98,0.97,1.02,1.04,1.09,1.09,1.13,1.05
Kuwait,0.29,0.30,0.30,0.32,0.33,0.26,0.26,0.29,0.29,0.28,0.25,0.30,0.30,0.33,0.41,0.31,0.39,0.38,0.42,0.45,0.43,0.50,0.46,0.52,0.56,0.33,0.17,0.29,0.36,0.42,0.54,0.54,0.56,0.69,0.71,0.76,0.77,0.82,0.98,1.09,1.20,1.16,1.12,1.22,1.23,1.41,1.45,1.51,1.55,1.57,1.61,1.62,1.65,1.65,1.67,1.51
Oman,0.02,0.02,0.02,0.02,0.02,0.02,0.06,0.06,0.06,0.05,0.05,0.05,0.05,0.06,0.07,0.06,0.06,0.09,0.08,0.12,0.12,0.11,0.13,0.12,0.14,0.18,0.23,0.22,0.22,0.20,0.24,0.24,0.25,0.26,0.30,0.41,0.46,0.50,0.51,0.48,0.57,0.63,0.62,0.73,0.73,0.87,0.94,1.03,1.15,1.14,1.21,1.21,1.30,1.37,1.39,1.37
Qatar,0.01,0.01,0.01,0.02,0.04,0.04,0.04,0.05,0.06,0.06,0.08,0.05,0.08,0.07,0.18,0.19,0.18,0.21,0.22,0.25,0.24,0.26,0.25,0.26,0.28,0.28,0.33,0.52,0.56,0.56,0.56,0.41,0.45,0.49,0.54,0.48,0.46,0.51,0.59,0.71,0.80,0.84,0.92,1.02,1.03,1.20,1.40,1.60,1.73,1.87,2.13,2.08,2.02,1.78,1.93,1.71
Saudi Arabia,0.85,0.86,0.87,0.88,0.90,0.95,0.95,1.02,1.08,1.15,0.91,1.05,1.24,1.39,1.68,1.51,1.80,1.99,2.15,2.58,2.63,2.82,2.99,3.13,3.08,3.34,3.50,3.53,3.61,4.17,4.07,4.21,4.28,4.51,4.59,4.81,5.12,5.33,5.65,6.13,6.33,6.58,6.88,7.54,7.90,8.74,9.18,9.74,9.78,10.49,10.82,10.96,10.93,10.65,10.68,10.56
United Arab Emirates,^,^,0.02,0.03,0.03,0.03,0.05,0.06,0.07,0.08,0.09,0.11,0.18,0.21,0.24,0.39,0.45,0.49,0.47,0.59,0.73,0.88,0.98,1.09,1.22,1.24,1.52,1.46,1.52,1.67,1.75,1.80,1.88,1.92,1.94,1.93,1.95,2.13,2.27,2.43,2.54,2.67,2.95,3.38,3.33,3.50,3.67,3.87,4.08,4.04,4.46,4.64,4.65,4.59,4.55,4.19
Other Middle East,0.25,0.26,0.27,0.29,0.31,0.31,0.33,0.33,0.37,0.41,0.45,0.51,0.56,0.60,0.69,0.65,0.68,0.80,0.86,0.92,0.97,0.99,1.04,1.07,1.09,1.15,1.22,1.27,1.31,1.35,1.45,1.47,1.61,1.70,1.73,1.75,1.80,1.87,1.95,2.02,2.20,2.27,2.36,2.45,2.45,2.46,2.32,2.20,2.11,2.08,1.95,1.94,1.96,1.92,1.99,1.96
Algeria,0.09,0.11,0.10,0.11,0.12,0.13,0.14,0.16,0.19,0.21,0.25,0.30,0.32,0.41,0.53,0.64,0.77,0.89,0.98,0.94,0.94,1.00,1.03,1.10,1.07,1.13,1.12,1.15,1.07,1.09,1.13,1.12,1.07,1.11,1.12,1.08,1.12,1.16,1.21,1.26,1.32,1.37,1.44,1.52,1.62,1.58,1.67,1.83,1.93,2.11,2.22,2.22,2.25,2.42,2.50,2.30
Egypt,0.33,0.35,0.30,0.32,0.26,0.33,0.34,0.37,0.35,0.40,0.44,0.53,0.57,0.61,0.66,0.76,0.86,0.96,1.04,1.14,1.18,1.20,1.28,1.30,1.37,1.40,1.42,1.41,1.41,1.48,1.57,1.65,1.72,1.79,1.92,2.04,2.13,2.18,2.32,2.35,2.52,2.63,2.79,2.94,3.09,3.24,3.30,3.47,3.45,3.44,3.52,3.69,3.80,3.85,3.86,3.65
Morocco,0.06,0.08,0.09,0.09,0.10,0.11,0.12,0.12,0.14,0.15,0.15,0.16,0.18,0.19,0.22,0.22,0.21,0.22,0.22,0.23,0.23,0.24,0.25,0.26,0.29,0.30,0.30,0.34,0.34,0.38,0.37,0.38,0.40,0.41,0.43,0.42,0.46,0.47,0.47,0.53,0.58,0.59,0.59,0.65,0.63,0.70,0.73,0.75,0.77,0.78,0.79,0.80,0.84,0.86,0.94,0.88
South Africa,1.28,1.28,1.34,1.41,1.45,1.52,1.63,1.69,1.82,1.87,1.99,2.08,2.13,2.11,2.18,2.32,2.71,2.91,2.95,3.22,3.29,3.35,3.40,3.75,3.58,3.70,3.68,3.69,3.69,3.85,4.02,4.10,4.19,4.12,4.26,4.26,4.29,4.18,4.52,4.94,4.67,4.77,4.90,5.25,5.23,5.26,5.20,5.12,5.14,5.20,5.09,5.33,5.30,5.10,5.21,4.90
Eastern Africa,0.37,0.41,0.42,0.43,0.45,0.51,0.55,0.58,0.61,0.63,0.62,0.66,0.67,0.65,0.67,0.68,0.67,0.66,0.66,0.66,0.68,0.72,0.72,0.78,0.79,0.89,0.85,0.83,0.89,0.89,0.91,0.91,0.95,1.01,1.03,1.04,1.12,1.15,1.14,1.23,1.27,1.31,1.38,1.37,1.44,1.56,1.64,1.66,1.82,1.99,2.08,2.03,2.15,2.28,2.32,2.12
Middle Africa,0.13,0.14,0.14,0.14,0.15,0.16,0.18,0.19,0.21,0.21,0.20,0.20,0.21,0.23,0.24,0.25,0.26,0.25,0.28,0.27,0.30,0.30,0.30,0.32,0.34,0.31,0.29,0.30,0.30,0.29,0.30,0.30,0.30,0.29,0.30,0.33,0.34,0.35,0.38,0.45,0.44,0.49,0.51,0.56,0.59,0.67,0.70,0.75,0.84,0.89,0.89,0.92,0.92,0.94,0.89,0.85
Western Africa,0.19,0.21,0.21,0.21,0.24,0.26,0.34,0.37,0.41,0.43,0.46,0.56,0.60,0.64,0.74,0.79,0.82,0.86,0.79,0.73,0.78,0.77,0.80,0.86,0.90,0.88,0.94,1.01,1.02,1.01,1.04,1.12,1.12,1.14,1.14,1.22,1.33,1.45,1.43,1.48,1.53,1.40,1.50,1.61,1.51,1.58,1.73,1.81,1.81,1.87,2.16,2.23,2.41,2.68,2.75,2.60
Other Northern Africa,0.06,0.07,0.07,0.08,0.09,0.11,0.10,0.13,0.18,0.19,0.22,0.25,0.29,0.32,0.42,0.43,0.46,0.47,0.50,0.50,0.56,0.57,0.63,0.64,0.69,0.68,0.67,0.67,0.71,0.78,0.82,0.84,0.87,0.91,0.90,0.97,0.99,0.98,1.01,1.10,1.12,1.13,1.10,1.15,1.22,1.25,0.90,1.08,1.17,1.29,1.14,1.17,1.15,1.16,1.19,1.09
Other Southern Africa,0.01,0.01,0.01,0.01,0.01,0.01,0.02,0.02,0.02,0.02,0.02,0.02,0.03,0.04,0.04,0.04,0.05,0.05,0.04,0.05,0.05,0.06,0.06,0.06,0.07,0.09,0.09,0.10,0.10,0.10,0.11,0.10,0.11,0.12,0.13,0.13,0.13,0.13,0.13,0.14,0.15,0.14,0.15,0.15,0.16,0.15,0.16,0.18,0.18,0.20,0.20,0.20,0.21,0.21,0.20,0.20
Australia,1.53,1.60,1.70,1.80,1.87,2.05,2.15,2.25,2.40,2.55,2.60,2.69,2.82,2.91,3.02,3.03,3.08,3.05,2.95,3.06,3.15,3.21,3.31,3.46,3.63,3.71,3.68,3.74,3.82,3.97,4.14,4.27,4.37,4.47,4.66,4.69,4.73,4.82,4.89,5.04,5.06,5.28,5.39,5.46,5.37,5.33,5.48,5.42,5.49,5.54,5.67,5.70,5.67,5.70,5.88,5.57
Bangladesh,n/a,n/a,n/a,n/a,n/a,n/a,0.03,0.06,0.07,0.07,0.08,0.10,0.10,0.11,0.12,0.13,0.13,0.15,0.14,0.16,0.17,0.19,0.21,0.23,0.25,0.27,0.26,0.28,0.31,0.33,0.39,0.40,0.42,0.45,0.46,0.49,0.56,0.58,0.61,0.63,0.68,0.74,0.76,0.80,0.88,0.90,0.98,1.05,1.08,1.12,1.31,1.33,1.38,1.47,1.64,1.59
China,5.52,6.00,5.39,5.45,6.63,8.49,10.06,10.85,11.45,11.81,13.22,13.92,15.18,16.65,17.15,17.48,17.25,18.01,19.17,20.56,22.24,23.31,25.14,27.00,28.33,28.70,30.15,31.75,34.19,36.29,37.41,39.36,39.58,39.64,41.03,42.45,44.84,48.85,56.89,66.55,75.60,82.89,90.09,93.45,97.53,104.29,112.54,117.05,121.38,124.82,126.53,128.63,132.80,137.58,142.03,145.46
China Hong Kong SAR,0.09,0.10,0.12,0.13,0.15,0.17,0.17,0.20,0.21,0.21,0.20,0.23,0.25,0.26,0.27,0.28,0.29,0.32,0.34,0.35,0.36,0.38,0.42,0.48,0.51,0.50,0.52,0.61,0.67,0.61,0.65,0.65,0.66,0.67,0.68,0.71,0.90,0.88,0.91,1.01,0.97,1.03,1.09,1.02,1.11,1.16,1.19,1.14,1.17,1.14,1.18,1.21,1.29,1.30,1.24,0.93
India,2.22,2.29,2.36,2.52,2.79,2.73,2.84,2.99,3.05,3.23,3.47,3.64,3.85,4.00,4.22,4.35,4.82,4.78,5.03,5.37,5.67,6.07,6.46,7.03,7.67,8.24,8.69,9.14,9.37,9.87,10.62,11.05,11.66,12.36,12.72,13.37,13.42,13.86,14.36,15.57,16.50,17.37,18.85,19.95,21.45,22.48,23.80,25.04,26.02,27.79,28.68,29.95,31.14,33.14,33.89,31.98
Indonesia,0.30,0.30,0.30,0.32,0.36,0.38,0.37,0.39,0.44,0.47,0.57,0.60,0.80,0.88,1.01,1.08,1.17,1.20,1.27,1.37,1.46,1.62,1.71,1.81,2.00,2.20,2.39,2.62,2.77,2.96,3.16,3.37,3.65,3.59,3.92,4.24,4.54,4.69,5.05,5.02,5.15,5.23,5.62,5.62,5.84,6.40,6.88,7.32,7.56,7.02,7.09,7.17,7.47,8.07,8.65,7.63
Japan,6.52,7.20,8.25,9.20,10.49,11.73,12.49,13.08,14.53,14.59,13.93,14.44,14.55,15.16,15.75,15.28,15.06,14.47,14.66,15.92,16.03,16.05,16.37,17.41,18.00,18.67,19.09,19.30,19.58,20.33,21.36,21.77,22.18,21.73,22.09,22.33,22.12,22.15,22.08,22.32,22.40,22.34,22.11,21.73,19.81,21.11,20.02,19.89,19.73,19.22,18.92,18.70,18.91,18.80,18.37,17.03
Malaysia,0.10,0.12,0.12,0.13,0.13,0.15,0.16,0.18,0.20,0.20,0.21,0.23,0.25,0.35,0.43,0.46,0.47,0.51,0.58,0.63,0.63,0.70,0.72,0.77,0.86,0.93,1.12,1.21,1.26,1.38,1.44,1.61,1.87,1.74,1.97,2.20,2.21,2.36,2.57,2.74,2.92,3.04,3.24,3.36,3.25,3.35,3.47,3.73,3.90,3.94,4.00,4.21,4.27,4.33,4.43,4.11
New Zealand,0.30,0.32,0.32,0.33,0.33,0.37,0.39,0.42,0.43,0.44,0.44,0.46,0.46,0.46,0.46,0.47,0.47,0.48,0.50,0.53,0.54,0.58,0.58,0.61,0.55,0.65,0.66,0.67,0.68,0.72,0.75,0.76,0.77,0.77,0.77,0.81,0.80,0.83,0.80,0.83,0.80,0.81,0.81,0.81,0.81,0.83,0.83,0.84,0.84,0.88,0.89,0.89,0.91,0.91,0.93,0.84
Pakistan,0.29,0.30,0.33,0.37,0.37,0.37,0.36,0.32,0.34,0.36,0.39,0.39,0.43,0.46,0.50,0.55,0.59,0.65,0.70,0.74,0.78,0.82,0.92,0.98,1.04,1.09,1.15,1.21,1.34,1.39,1.46,1.56,1.51,1.62,1.69,1.73,1.77,1.84,2.00,2.22,2.31,2.43,2.59,2.60,2.64,2.65,2.65,2.47,2.69,2.77,2.92,3.18,3.37,3.48,3.51,3.47
Philippines,0.20,0.21,0.24,0.27,0.29,0.33,0.38,0.37,0.43,0.40,0.44,0.45,0.49,0.51,0.53,0.52,0.52,0.51,0.55,0.50,0.48,0.49,0.53,0.58,0.63,0.66,0.64,0.74,0.76,0.81,0.90,0.97,1.04,1.06,1.08,1.08,1.06,1.05,1.09,1.13,1.12,1.09,1.13,1.17,1.18,1.22,1.24,1.28,1.38,1.45,1.59,1.73,1.90,1.96,2.02,1.82
Singapore,0.17,0.20,0.24,0.29,0.29,0.31,0.27,0.34,0.32,0.32,0.31,0.37,0.37,0.38,0.40,0.40,0.46,0.45,0.48,0.50,0.51,0.59,0.62,0.72,0.82,0.98,1.00,1.07,1.17,1.34,1.40,1.41,1.49,1.51,1.49,1.59,1.81,1.78,1.68,1.88,1.98,2.17,2.33,2.48,2.67,2.87,2.99,3.00,3.06,3.15,3.35,3.48,3.59,3.61,3.53,3.42
South Korea,0.27,0.33,0.37,0.43,0.52,0.60,0.65,0.68,0.84,0.87,0.96,1.07,1.23,1.38,1.59,1.63,1.71,1.71,1.86,2.03,2.24,2.51,2.78,3.11,3.38,3.82,4.33,4.88,5.35,5.77,6.31,6.97,7.65,6.88,7.50,7.94,8.14,8.53,8.80,9.01,9.31,9.46,9.75,9.91,9.97,10.82,11.33,11.44,11.47,11.57,11.75,12.03,12.27,12.43,12.25,11.79
Sri Lanka,0.02,0.02,0.02,0.03,0.03,0.05,0.05,0.05,0.05,0.05,0.05,0.05,0.05,0.06,0.06,0.06,0.07,0.07,0.08,0.08,0.07,0.08,0.08,0.08,0.08,0.09,0.09,0.10,0.10,0.12,0.13,0.13,0.14,0.15,0.17,0.18,0.18,0.18,0.19,0.18,0.21,0.22,0.23,0.21,0.22,0.24,0.25,0.25,0.25,0.27,0.29,0.31,0.33,0.35,0.36,0.33
Taiwan,0.25,0.27,0.29,0.34,0.35,0.39,0.48,0.52,0.61,0.58,0.64,0.78,0.85,1.01,1.07,1.13,1.06,1.18,1.33,1.38,1.44,1.56,1.69,1.86,1.98,2.10,2.24,2.37,2.51,2.64,2.82,2.94,3.11,3.32,3.48,3.72,3.84,4.02,4.14,4.40,4.45,4.55,4.73,4.57,4.45,4.77,4.73,4.70,4.80,4.90,4.90,4.90,4.93,4.99,4.90,4.82
Thailand,0.11,0.13,0.15,0.19,0.20,0.24,0.27,0.32,0.34,0.36,0.39,0.42,0.46,0.50,0.53,0.53,0.53,0.55,0.60,0.66,0.70,0.74,0.85,0.95,1.10,1.30,1.43,1.58,1.80,2.02,2.22,2.50,2.64,2.45,2.61,2.65,2.78,3.07,3.32,3.59,3.72,3.77,3.94,3.99,4.13,4.39,4.56,4.87,4.95,5.09,5.21,5.32,5.41,5.53,5.51,5.12
Vietnam,0.11,0.19,0.26,0.26,0.31,0.33,0.29,0.28,0.30,0.22,0.25,0.14,0.15,0.16,0.17,0.19,0.19,0.21,0.22,0.22,0.22,0.24,0.27,0.27,0.25,0.27,0.28,0.30,0.35,0.39,0.45,0.51,0.59,0.64,0.66,0.75,0.85,0.93,1.01,1.23,1.30,1.19,1.30,1.62,1.65,1.87,2.13,2.24,2.35,2.57,2.86,3.09,3.31,3.73,4.17,4.09
Other Asia Pacific,0.70,0.74,0.81,0.87,0.92,0.98,1.08,1.12,1.15,1.23,1.27,1.33,1.41,1.49,1.60,1.71,1.77,1.84,1.91,1.95,2.05,2.07,2.02,2.05,2.02,1.98,1.93,1.75,1.68,1.61,1.60,1.49,1.48,1.42,1.50,1.59,1.64,1.62,1.71,1.73,1.82,1.88,1.84,1.92,1.76,1.94,1.93,2.02,1.97,2.13,2.22,2.41,2.46,2.50,3.23,3.25
,,
,,
,,
,,
,,
,,
,,
