"query","lat","lon","lat_min","lat_max","lon_min","lon_max"
"Montclair, NJ, USA",40.8164458,-74.2210643,40.788323,40.860915,-74.23764,-74.182689
"Copenhagen, Denmark",55.6867243,12.5700724,55.5267243,55.8467243,12.4100724,12.7300724
"Haifa, Israel",32.8191218,34.9983856,32.7579523,32.8427003,34.9499666,35.0797444
"Mumbai, India",19.0759899,72.8773928,18.8939566,19.2694771,72.776333,72.9817485
"Jerusalem, Israel",31.7788242,35.2257626,31.7096214,31.8826655,35.0852011,35.2650458
"Washington, DC, USA",38.8950368,-77.0365427,38.7916303,38.995968,-77.1197949,-76.909366
"Bremerhaven-Lehe, Germany",53.5667574,8.6006,53.5617574,53.5717574,8.5956,8.6056
"Berlin, Germany",52.5170365,13.3888599,52.3570365,52.6770365,13.2288599,13.5488599
"Buenos Aires, Argentina",-34.6075682,-58.4370894,-34.705637,-34.5265535,-58.5314494,-58.3351423
"Damanhur, Egypt",31.0374982,30.4710625,30.8774982,31.1974982,30.3110625,30.6310625
"Mukawa, Japan",42.5748177,141.9268704,42.4027551,42.987137,141.7957956,142.333996
"Suita, Japan",34.764884,135.51735,34.744572,34.8308774,135.4868007,135.555191
"Sioux City, IA, USA",42.4966815,-96.4058782,42.3366815,42.6566815,-96.5658782,-96.2458782
"Banbury, United Kingdom",52.0601807,-1.3402795,52.0312483,52.0922564,-1.3754969,-1.2963665
"Masterton, New Zealand",-40.934593,175.877083054299,-41.1963233,-40.6729189,175.4350691,176.2715632
"Strzelno, Poland",52.6301742,18.1733807,52.6197038,52.643381,18.1356322,18.1880862
"Mondovi, Algeria",36.6851201,7.7470888,36.645175,36.725732,7.666018,7.773571
"Longlier, Belgium",49.8562222,5.4609005,49.8445261,49.9030318,5.4083675,5.5294192
"Ulm, Germany",48.3974003,9.9934336,48.3066627,48.4685153,9.8420502,10.0428303
"Carcassonne, France",43.2130358,2.3491069,43.1730358,43.2530358,2.3091069,2.3891069
"Tramelan, Switzerland",47.223677,7.1030216,47.2068095,47.2477588,7.0436674,7.1511422
"Bulawayo, Zimbabwe",-20.1560599,28.5887063,-20.3160599,-19.9960599,28.4287063,28.7487063
"Kaysersberg, France",48.1571873,7.24109400894014,48.124922,48.1889242,7.2013797,7.2727996
"Budapest, Hungary",47.4979937,19.0403594,47.3496899,47.6131468,18.9251057,19.3349258
"Rostock, Germany",54.0924445,12.1286127,54.050805,54.2445018,11.998369,12.2954271
"Atherton, Australia",-17.2674058,145.4761663,-17.3074058,-17.2274058,145.4361663,145.5161663
"Kislovodsk, Russia",43.9128743,42.7192186,43.8439214,43.9599627,42.659837,42.8287947
"Moscow, Russia",55.7504461,37.6174943,55.4913076,55.9577717,37.290502,37.9674277
"Sainte-Foy-les-Lyon, France",45.7362255,4.7934767,45.6962255,45.7762255,4.7534767,4.8334767
"Zamora, Mexico",20.0290033,-102.271268668769,19.938094,20.1095095,-102.4072034,-102.1223637
"Owosso, MI, USA",42.9975968,-84.1720541,42.971775,43.017222,-84.211327,-84.148072
"Vienna, Austria",48.2083537,16.3725042,48.0483537,48.3683537,16.2125042,16.5325042
"New Haven, CT, USA",41.3082138,-72.9250518,41.2464253,41.3505701,-72.998048,-72.8604243
"Guebwiller, France",47.9117311,7.21060648361689,47.895947,47.9274475,7.1771433,7.2421334
"Mulhouse, France",47.7467,7.3389275,47.5867,47.9067,7.1789275,7.4989275
"Wingham, Canada",43.886245,-81.31275,43.866245,43.906245,-81.33275,-81.29275
"Johannesburg, South Africa",-26.205,28.049722,-26.365,-26.045,27.889722,28.209722
"Landskrona, Sweden",55.8698007,12.8296734,55.7803713,55.963899,12.6523541,13.0590123
"Paris, France",48.8588897,2.32004102172008,48.8155755,48.902156,2.224122,2.4697602
"Uppsala, Sweden",59.8586126,17.6387436,59.6986126,60.0186126,17.4787436,17.7987436
"New York, NY, USA",40.7127281,-74.0060152,40.477399,40.9161785,-74.25909,-73.7001809
"Santiniketan, India",23.6580425,87.6988279,23.6530425,23.6630425,87.6938279,87.7038279
"Sochi, Russia",43.5854823,39.723109,43.3949798,44.0309026,39.1493697,40.0105333
"Ainay-le-Château, France",46.71838265,2.72946876330083,46.6879612,46.7490565,2.6717348,2.7601676
"Hampstead, United Kingdom",51.5580835,-0.1737206,51.5180835,51.5980835,-0.2137206,-0.1337206
"Vilnius, Lithuania",54.6870458,25.2829111,54.5270458,54.8470458,25.1229111,25.4429111
"Stanford, CA, USA",37.4265407,-122.170292584092,37.4066185,37.4468387,-122.1915123,-122.1495105
"Edinburgh, Scotland",55.9533456,-3.1883749,55.8187919,56.0040837,-3.4495326,-3.0749512
"London, United Kingdom",51.5073219,-0.1276474,51.3473219,51.6673219,-0.2876474,0.0323526
"Fowey, United Kingdom",50.33572855,-4.65848983974189,50.3133145,50.3581004,-4.6915677,-4.6302588
"Mit Abu al-Kawm, Egypt",30.636944,30.938333,30.616944,30.656944,30.918333,30.958333
"Bristol, United Kingdom",51.4538022,-2.5972985,51.3972838,51.5444317,-2.7183704,-2.5104192
"Nantes, France",47.2186371,-1.5541362,47.0586371,47.3786371,-1.7141362,-1.3941362
"Stockholm, Sweden",59.3251172,18.0710935,59.1651172,59.4851172,17.9110935,18.2310935
"Munich, Germany",48.1371079,11.5753822,48.0616244,48.2481162,11.360777,11.7229099
"Sydney, Canada",46.137977,-60.194092,46.1071148,46.1786423,-60.2161333,-60.1450518
"Wooster, OH, USA",40.7980976,-81.9397733,40.747666,40.8660854,-81.979975,-81.8856295
"Manchester, United Kingdom",53.4794892,-2.2451148,53.3401044,53.5445923,-2.3199185,-2.1468288
"Glasgow, Scotland",55.8609825,-4.2488787,55.7009825,56.0209825,-4.4088787,-4.0888787
"Brooklyn, NY, USA",40.6526006,-73.9497211,40.5700235,40.7394026,-74.0419691,-73.8556336
"Helsinki, Finland",60.1674881,24.9427473,60.0074881,60.3274881,24.7827473,25.1027473
"Grena, Denmark",56.4134419,10.8793137,56.3734419,56.4534419,10.8393137,10.9193137
"Ostend, Belgium",51.2258565,2.919496,51.1846337,51.2460739,2.8386276,3.0035408
"Yangon, Myanmar",16.7967129,96.1609916,16.6367129,16.9567129,96.0009916,96.3209916
"Karcag, Hungary",47.3121655,20.890361970164,47.1896346,47.4309078,20.7487362,21.0305648
"Savur, Turkey",37.5370766,40.8873466,37.437066,37.73865,40.60545,41.13049
"Honolulu, HI, USA",21.304547,-157.855676,21.2548159,21.4021936,-157.9535818,-157.6486277
"Hartford, CT, USA",41.764582,-72.6908547,41.7236703,41.8074191,-72.7180372,-72.6422873
"Omaha, NE, USA",41.2587459,-95.9383758,41.0987459,41.4187459,-96.0983758,-95.7783758
"Kalgoorlie, Australia",-30.7464139,121.473223,-30.9064139,-30.5864139,121.313223,121.633223
"Philadelphia, PA, USA",39.9527237,-75.1635262,39.867005,40.1379593,-75.2802977,-74.9558314
"Caracas, Venezuela",10.506098,-66.9146017,10.3404973,10.5641499,-67.16228,-66.690883
"Chicago, IL, USA",41.8755616,-87.6244212,41.644531,42.0230396,-87.940101,-87.5240812
"Halmstad, Sweden",56.6739826,12.8574827,56.5139826,56.8339826,12.6974827,13.0174827
"Barger-Compascuum, the Netherlands",52.754792,7.042117,52.7232026,52.7803235,7.0022013,7.0690748
"Stuttgart, Germany",48.7784485,9.1800132,48.6920188,48.8663994,9.0386007,9.3160228
"Prague, Czech Republic",50.0874654,14.4212535,49.9419006,50.1774301,14.2244355,14.7067867
"Klippan, Sweden",56.15,13.166667,56.0009838,56.2315107,12.9811147,13.522511
"Lethbridge, Alberta, Canada",49.694285,-112.851562,49.6188534,49.7565104,-112.9496675,-112.7566288
"Trelleck, United Kingdom",51.7450901,-2.7244457,51.7250901,51.7650901,-2.7444457,-2.7044457
"Belfast, Northern Ireland",54.596391,-5.9301829,54.436391,54.756391,-6.0901829,-5.7701829
"Kvikne, Norway",61.57589,9.5886086,61.55589,61.59589,9.5686086,9.6086086
"Duluth, MN, USA",46.7729322,-92.1251218,46.6491584,46.880571,-92.301192,-91.920178
"Cardiff, United Kingdom",51.4816546,-3.1791934,51.3216546,51.6416546,-3.3391934,-3.0191934
"Little Falls, MN, USA",45.9763545,-94.3625024,45.9363545,46.0163545,-94.4025024,-94.3225024
"Missoula, MT, USA",46.8701049,-113.995267,46.7915386,46.949951,-114.1272915,-113.8973161
"Fort Worth, TX, USA",32.753177,-97.3327459,32.593177,32.913177,-97.4927459,-97.1727459
"Glencorse, Scotland",55.8544964,-3.2076147,55.8444964,55.8644964,-3.2176147,-3.1976147
"Corteno, Italy",46.1665725,10.2432187,46.1665225,46.1666225,10.2431687,10.2432687
"Iria Flavia, Spain",42.7487367,-8.6495728,42.7185907,42.769771,-8.672055,-8.6258862
"Cologne, Germany",50.938361,6.959974,50.8304399,51.0849743,6.7725303,7.162028
"Liestal, Switzerland",47.4839723,7.7347783,47.4629599,47.5034239,7.669882,7.7843616
"Hamburg, Germany",53.550341,10.000654,53.390341,53.710341,9.840654,10.160654
"Corvallis, OR, USA",44.5645659,-123.2620435,44.5199325,44.607243,-123.3362174,-123.2310359
"Gorizia, Italy",45.9441278,13.6252288,45.7841278,46.1041278,13.4652288,13.7852288
"San Diego, CA, USA",32.7174202,-117.1627728,32.5347737,33.114249,-117.3098053,-116.9057226
"Tonbridge, United Kingdom",51.1889529,0.2735876,51.1489529,51.2289529,0.2335876,0.3135876
"Bahia Blanca, Argentina",-38.7176522,-62.2654871,-38.76468,-38.6332067,-62.3528141,-62.1600409
"Halifax, Canada",44.648618,-63.5859487,44.581167,44.7112114,-63.7226567,-63.5431999
"Fleurier, Switzerland",46.904275,6.58004,46.884275,46.924275,6.56004,6.60004
"Marietta, OH, USA",39.4167742,-81.4548392,39.3976383,39.459228,-81.497484,-81.401933
"Widnes, United Kingdom",53.3646888,-2.7283328,53.3246888,53.4046888,-2.7683328,-2.6883328
"Greenville, SC, USA",34.851354,-82.3984882,34.7687981,34.890824,-82.4349118,-82.2869685
"Pusan, South Korea",35.1799528,129.0752365,34.7252504,35.3892236,128.7568072,129.4889527
"Shanghai, China",31.2322758,121.4692071,31.0722758,31.3922758,121.3092071,121.6292071
"Rouen, France",49.4404591,1.0939658,49.4172001,49.4652601,1.0300648,1.1521157
"Nijkerk, the Netherlands",52.21485365,5.47814632396509,52.1657618,52.2639241,5.3932098,5.6348621
"Monessen, PA, USA",40.1484053,-79.8878254,40.133022,40.1651855,-79.9051369,-79.861391
"Thames Ditton, United Kingdom",51.389182,-0.3290769,51.369182,51.409182,-0.3490769,-0.3090769
"Stavanger, Norway",59.1020129,5.7126113572757,58.8846585,59.3121017,5.499034,6.1313107
"Magdeburg, Germany",52.1315889,11.6399609,52.0237486,52.2283456,11.5172264,11.7639936
"Nicosia, Cyprus",35.1748976,33.3638568,35.0148976,35.3348976,33.2038568,33.5238568
"Constantine, Algeria",36.364519,6.60826,36.2589259,36.4490899,6.5284453,6.7665523
"Antananarivo, Madagascar",-18.9100122,47.5255809,-19.0700122,-18.7500122,47.3655809,47.6855809
"Pittsburgh, PA, USA",40.4416941,-79.9900861,40.36152,40.5012021,-80.095517,-79.865728
"Bloomington, IL, USA",40.4797828,-88.9939147,40.429435,40.518352,-89.067715,-88.863539
"Swansea, United Kingdom",51.6195955,-3.9459248,51.4595955,51.7795955,-4.1059248,-3.7859248
"Olympus, TN, USA",47.5266377,-122.1676737,47.5166377,47.5366377,-122.1776737,-122.1576737
"Ghent, Belgium",51.0538286,3.7250121,50.9795422,51.1888864,3.5797616,3.849325
"Œeteniai, Lithuania",55.3964342,24.0353929,55.3764342,55.4164342,24.0153929,24.0553929
"Yonkers, NY, USA",40.9312099,-73.8987469,40.900479,40.988393,-73.919289,-73.810425
"Jönköping, Sweden",57.7825634,14.165719,57.6225634,57.9425634,14.005719,14.325719
"Enterprise, OR, USA",45.4258114,-117.278012,45.414751,45.435786,-117.297761,-117.261923
"Tel Aviv, Israel",32.0852997,34.7818064,32.0293437,32.1469766,34.739131,34.8466092
"Neuchâtel, Switzerland",46.9895828,6.9292641,46.977838,47.063822,6.8451454,6.9917755
"Henan, China",34.0000001,113.9999999,31.3844585,36.3668117,110.3551121,116.6456169
"Raleigh, NC, USA",35.7803977,-78.6390989,35.7082575,35.970736,-78.8189744,-78.4707917
"Wilmington, DE, USA",39.7459468,-75.546589,39.5859468,39.9059468,-75.706589,-75.386589
"Leggiuno-Sangiano, Italy",45.86739705,8.62973207393438,45.8673041,45.86749,8.6296552,8.6298089
"Windsor, ON, Canada",42.317099,-83.0353434,42.157099,42.477099,-83.1953434,-82.8753434
"Bearsden, United Kingdom",55.920461,-4.3332046,55.880461,55.960461,-4.3732046,-4.2932046
"Milwaukee, WI, USA",43.0349931,-87.922497,42.9208206,43.1949435,-88.0710618,-87.8629671
"Rye, NY, USA",40.9808209,-73.684294,40.9408209,41.0208209,-73.724294,-73.644294
"Bukavu, Democratic Republic of the Congo",-2.51039075,28.8336436,-2.5611686,-2.4601557,28.7936943,28.8930976
"Gravesend, United Kingdom",51.4424747,0.3694468,51.4074148,51.4520117,0.3533541,0.4312918
"Castries, Saint Lucia",14.0095966,-60.9902359,13.9695966,14.0495966,-61.0302359,-60.9502359
"Klerksdorp, South Africa",-26.8625383,26.6656814,-27.0225383,-26.7025383,26.5056814,26.8256814
"Orange, NJ, USA",40.770887,-74.2311190585561,40.7519254,40.7898,-74.255273,-74.2184263
"Geneva, Switzerland",46.2017559,6.1466014,46.1777724,46.231885,6.1102411,6.1758527
"Cleveland, OH, USA",41.5051613,-81.6934446,41.3451613,41.6651613,-81.8534446,-81.5334446
"Chester, VT, USA",43.2636017,-72.5960245,43.2225802,43.351974,-72.6854407,-72.5454374
"Guelph, Canada",43.5460516,-80.2493276,43.4738217,43.594353,-80.3269091,-80.1535013
"Kermanshah, Iran",34.3789744,46.7010122,33.6889436,35.284506,45.407661,48.1050029
"Cairo, Egypt",30.0443879,31.2357257,29.8843879,30.2043879,31.0757257,31.3957257
"Aberdeen, WA, USA",46.975371,-123.815722,46.815371,47.135371,-123.975722,-123.655722
"Cambridge, MA, USA",42.3750997,-71.1056157,42.3524025,42.4042593,-71.1603989,-71.0639844
"San José, CA, USA",37.3361905,-121.890583,37.124503,37.4692175,-122.045672,-121.589153
"Mart, TX, USA",31.5423911,-96.8336015,31.5223911,31.5623911,-96.8536015,-96.8136015
"Taylorville, IL, USA",39.548935,-89.294533,39.462369,39.596916,-89.337651,-89.218177
"Burlingame, KS, USA",38.7538947,-95.8349868,38.74164,38.760645,-95.845949,-95.824646
"Evanston, IL, USA",42.0447388,-87.6930459,42.0191465,42.0717698,-87.732456,-87.6650214
"Alesund, Norway",62.76712545,6.16882806631353,62.3943575,63.0913315,5.6412388,7.1204593
"Hume, IL, USA",39.7967015,-87.8686414,39.79143,39.807107,-87.880289,-87.861222
"Wilkes-Barre, PA, USA",41.2464824,-75.8817316,41.2219327,41.272918,-75.926932,-75.82685
"South Norwalk, CT, USA",41.0956718,-73.4219246,41.0906718,41.1006718,-73.4269246,-73.4169246
"Glens Falls, NY, USA",43.309941,-73.644447,43.289572,43.3270988,-73.6740522,-73.6167532
"Boulder, CO, USA",40.0149856,-105.270545,39.8549856,40.1749856,-105.430545,-105.110545
"Bradford, United Kingdom",53.7944229,-1.7519186,53.7243414,53.963151,-2.0612483,-1.6403301
"Lansing, IA, USA",43.3621867,-91.2165893,43.3465977,43.3753317,-91.2559753,-91.2071726
"Redondo Beach, CA, USA",33.8455911,-118.3886766,33.8146792,33.8946574,-118.4722987,-118.352333
"Avanca, Portugal",40.8077237,-8.5848776,40.8027237,40.8127237,-8.5898776,-8.5798776
"Changchun, China",43.8130735,125.3171216,43.1599943,45.251339,124.0087362,127.0877885
"Tabuse, Japan",33.9548389,132.0411783,33.8727034,34.021286,131.979974,132.073481
"Mürzzuschlag, Austria",47.5948488,15.6833549675208,47.548761,47.6410343,15.62623,15.769794
"Ruse, Bulgaria",43.8480413,25.9542057,43.7419965,43.9018697,25.8636442,26.0824089
"Methuen, MA, USA",42.7262016,-71.1908924,42.5662016,42.8862016,-71.3508924,-71.0308924
"Sighet, Romania",47.9283242,23.8915583,47.9117297,47.9455,23.8572398,23.9346383
"Clinton, NY, USA",43.0484029,-75.3785034,43.043516,43.056521,-75.391018,-75.36632
"Los Angeles, CA, USA",34.0536909,-118.242766,33.659541,34.337306,-118.6681779,-118.1552947
"Hobart, Tasmania, Australia",-42.8825088,147.3281233,-42.891635,-42.873046,147.31561,147.341498
"Monrovia, Liberia",6.328034,-10.797788,6.168034,6.488034,-10.957788,-10.637788
"Euskirchen, Germany",50.6612623,6.7871219,50.3226897,50.7896443,6.3160973,6.9349233
"Lawice, Poland",53.57942,19.6542,53.570041,53.5984926,19.629344,19.676057
"Tivoli, Italy",41.960922,12.798884,41.9166792,42.0060733,12.6899187,12.8477635
"Boston, MA, USA",42.3602534,-71.0582912,42.2002534,42.5202534,-71.2182912,-70.8982912
"Rome, Italy",41.8933203,12.4829321,41.7333203,42.0533203,12.3229321,12.6429321
"Ann Arbor, MI, USA",42.2681569,-83.7312291,42.222668,42.3238941,-83.799572,-83.675807
"Palo Alto, CA, USA",37.4443293,-122.1598465,37.2861556,37.477942,-122.2025817,-122.0710774
"South Bend, IN, USA",41.6833813,-86.2500066,41.5974505,41.7602675,-86.3607483,-86.1912911
"Karlbo, Sweden",60.1207997,16.2442560097972,60.116138,60.1253559,16.2242165,16.2577108
"Oak Park, IL, USA",41.8878145,-87.7887615,41.8649669,41.9092533,-87.8057685,-87.7741322
"Canton, SD, USA",43.300815,-96.59282,43.2926983,43.315435,-96.6287976,-96.5494301
"Nelson, New Zealand",-41.2710849,173.2836756,-41.4310849,-41.1110849,173.1236756,173.4436756
"Dungarvan, Ireland",52.0897488,-7.6210306,52.0497488,52.1297488,-7.6610306,-7.5810306
"Milan, Italy",45.4641943,9.1896346,45.3867381,45.5358482,9.0408867,9.2781103
"Heidelberg, Germany",49.4093582,8.694724,49.3520029,49.4596927,8.5731788,8.7940496
"Landsberg, Germany",48.0514973,10.8737728,47.9878848,48.0794911,10.807257,10.9238811
"Genoa, Italy",44.40726,8.9338624,44.3784709,44.5198419,8.6657444,9.0955805
"Svartbjörnsbyn, Sweden",65.8470216,21.7031274,65.8370216,65.8570216,21.6931274,21.7131274
"Delaware, OH, USA",40.2986724,-83.067965,40.227401,40.338201,-83.12861,-83.012601
"Zurich, Switzerland",47.3744489,8.5410422,47.3202203,47.4346662,8.4480061,8.6254413
"Fulda, Germany",50.5542328,9.6770448,50.4995432,50.6294057,9.5661398,9.7329823
"Whiting, IN, USA",41.6797578,-87.4944873,41.6575362,41.6892044,-87.5002741,-87.4621553
"Gjesdal, Norway",58.83120885,6.27708508751265,58.6724851,58.9899954,5.7989873,6.6655257
"Northampton, United Kingdom",52.23433665,-0.902807276818583,52.1860899,52.2826966,-0.971041,-0.7913699
"Harborne, United Kingdom",52.4595363,-1.9503355,52.4195363,52.4995363,-1.9903355,-1.9103355
"Etterbeek, Belgium",50.8361447,4.3861737,50.8225269,50.844661,4.3792052,4.4117701
"Nancy, France",48.68806655,6.1811503611274,48.666906,48.7092349,6.134292,6.2126188
"Bordeaux, France",44.841225,-0.5800364,44.8107826,44.9161806,-0.6386987,-0.5336838
"Potsdam, NY, USA",44.671551,-74.9834271988126,44.649463,44.693873,-75.021608,-74.953263
"Hämeenkyrö, Finland",61.633333,23.2,61.5159863,61.7372885,22.8240404,23.5003183
"Maillane, France",43.8231243,4.78453474388471,43.7985404,43.8476508,4.75006,4.8163346
"Auburn, AL, USA",32.6098566,-85.4807825,32.4498566,32.7698566,-85.6407825,-85.3207825
"Alliston, Canada",46.0544878,-62.6252289119356,46.0362752,46.0729571,-62.6490679,-62.6009396
"Paterson, NJ, USA",40.9167654,-74.171811,40.7567654,41.0767654,-74.331811,-74.011811
"Rendcombe, United Kingdom",51.7859976,-1.9723485,51.7659976,51.8059976,-1.9923485,-1.9523485
"Eastbourne, United Kingdom",50.7733195,0.259146559219269,50.7334349,50.8130781,0.2093529,0.3399818
"Nastved, Denmark",55.2328252,11.7674102,55.1928252,55.2728252,11.7274102,11.8074102
"Oslo, Norway",59.9133301,10.7389701,59.7533301,60.0733301,10.5789701,10.8989701
"Amsterdam, the Netherlands",52.3727598,4.8936041,52.2781742,52.4310638,4.7287563,5.0791622
"Wroclaw, Poland",51.1089776,17.0326689,51.0426686,51.2100604,16.8073393,17.1762192
"Kaliningrad, Russia",54.710128,20.5105838,54.6319403,54.7792148,20.293279,20.6502012
"Ljubljana, Slovenia",46.0499803,14.5068602,45.9740637,46.1459968,14.408617,14.755332
"Aracataca, Colombia",10.5906011,-74.1876803,10.5506011,10.6306011,-74.2276803,-74.1476803
"Hollerich, Luxembourg",49.5983299,6.1228061,49.5953614,49.6087913,6.0954936,6.1270466
"Vicuna, Chile",-30.0340383,-70.7126682,-30.0340883,-30.0339883,-70.7127182,-70.7126182
"Ganzhou, China",25.8332103,114.9287362,25.6732103,25.9932103,114.7687362,115.0887362
"Pottsville, PA, USA",40.6851324,-76.1953701,40.6617591,40.698782,-76.2414763,-76.184522
"Todmorden, United Kingdom",53.7137251,-2.097753,53.6701455,53.7496609,-2.1732936,-2.0296416
"Wahoo, NE, USA",41.2111084,-96.6197985,41.191253,41.244941,-96.636134,-96.589242
"Dublin, Ireland",53.3497645,-6.2602732,53.2987342,53.4105416,-6.3870259,-6.1148829
"Uniontown, PA, USA",39.900076,-79.7164326,39.88264,39.912168,-79.744907,-79.703248
"Bradford, MA, USA",29.9715087,-82.1608653,29.718232,30.14324,-82.418728,-82.046112
"Lasi, Romania",56.4627701,25.9421273,56.4427701,56.4827701,25.9221273,25.9621273
"White Plains, NY, USA",41.0339862,-73.7629097,40.982445,41.069796,-73.7898554,-73.7195409
"Yukon, FL, USA",30.2346844,-81.6981513,30.2246844,30.2446844,-81.7081513,-81.6881513
"Hoquiam, WA, USA",46.980929,-123.889335,46.951518,47.021877,-123.951386,-123.8519036
"Ashland, NH, USA",43.69568,-71.630859,43.6862089,43.7494567,-71.6780136,-71.5820688
"Renton, WA, USA",47.4799078,-122.2034496,47.422984,47.539366,-122.254219,-122.120286
"Norwalk, CT, USA",41.1175966,-73.4078968,41.020449,41.1712683,-73.4745657,-73.3802856
"Cambridge, United Kingdom",52.2055314,0.1186637,52.1579417,52.2372296,0.0686389,0.184552
"Stainforth, United Kingdom",53.5960361,-1.0279463,53.5803034,53.6149193,-1.0673777,-0.9766305
"Dinant, Belgium",50.2591576,4.9130624,50.1802376,50.3046782,4.8544268,5.0481081
"Calais, France",50.9524769,1.8538446,50.7924769,51.1124769,1.6938446,2.0138446
"Albertville, France",45.6754622,6.3925417,45.6354622,45.7154622,6.3525417,6.4325417
"Den Helder, the Netherlands",52.9529894,4.8267592494488,52.8838413,53.0219782,4.6294507,4.925838
"Lagow, Poland",50.7754877,21.0839837,50.7641678,50.7910457,21.0477015,21.1191551
"Bad Cannstatt, Germany",48.8048828,9.2146797,48.7835921,48.8299314,9.1793704,9.2568091
"Bad Salzbrunn, Poland",50.8066959,16.2540971,50.7668817,50.8234794,16.1899957,16.28063
"Izmir, Turkey",38.4147331,27.1434119,38.2547331,38.5747331,26.9834119,27.3034119
"Val di Castello, Italy",46.161275,9.991929,46.1608116,46.1618645,9.9883609,9.9953685
"Imperia, Italy",43.95837525,7.86674271467428,43.7756906,44.1410201,7.4951614,8.1353954
"Ishpeming, MI, USA",46.488547,-87.667636,46.4630635,46.513888,-87.697856,-87.6337767
"Newark, United Kingdom",53.07536855,-0.803576530747746,53.0494061,53.1013771,-0.8379285,-0.7652019
"Nuoro, Sardinia, Italy",40.26397055,9.12722009781746,39.8222077,40.7060029,8.6111616,9.8293196
"Bologna, Italy",44.4938203,11.3426327,44.3338203,44.6538203,11.1826327,11.5026327
"Skattungbyn, Sweden",61.1857383,14.8481986,61.1657383,61.2057383,14.8281986,14.8681986
"Niegoslawice, Poland",51.5878011,15.715295,51.5678011,51.6078011,15.695295,15.735295
"Gdansk, Poland",54.36119285,18.6286088336207,54.2749189,54.4472177,18.4294955,18.9502437
"Stenstorp, Sweden",58.2713175,13.7133276,58.2655024,58.280267,13.7024698,13.7309778
"Raipur, India",21.2379469,81.6336833,21.0779469,21.3979469,81.4736833,81.7936833
"Reykjavik, Iceland",64.145981,-21.9422367,64.0404021,64.3153711,-21.9838299,-21.4019991
"Norrköping, Sweden",58.5909124,16.1903511,58.5509124,58.6309124,16.1503511,16.2303511
"Strasbourg, France",48.584614,7.7507127,48.424614,48.744614,7.5907127,7.9107127
"Hoechst, Germany",50.0948805,8.53429650379253,50.0945394,50.0952356,8.5332694,8.5355498
"Görlitz, Germany",51.1563185,14.991018,51.052564,51.2279599,14.9116798,15.0179368
"Hildesheim, Germany",52.1521636,9.9513046,52.0935785,52.1939078,9.8465506,10.0428454
"Augsburg, Germany",48.3668041,10.8986971,48.2581444,48.4586541,10.7633615,10.9593328
"Gelsenkirchen, Germany",51.5110321,7.0960124,51.4808012,51.6315932,6.9874995,7.152327
"Walkerton, IN, USA",41.4667113,-86.4830681,41.4510799,41.4837414,-86.4984847,-86.4666669
"Oceanside, NY, USA",40.6335915,-73.6376527180368,40.609503,40.657397,-73.661943,-73.613673
"Jämshög, Sweden",56.2412875,14.5319796,56.2212875,56.2612875,14.5119796,14.5519796
"Ludwigsburg, Germany",48.8953937,9.1895147,48.8734228,48.932556,9.1373656,9.3124752
"Groningen, the Netherlands",53.2190652,6.5680077,53.0590652,53.3790652,6.4080077,6.7280077
"Buchs, Switzerland",47.1627634,9.4764086,47.1370301,47.2030399,9.3977331,9.5026522
"Pforzheim, Germany",48.8908846,8.7029532,48.819013,48.9297027,8.6247381,8.8087399
"Arnhem, the Netherlands",51.984257,5.9108573,51.9334642,52.0778905,5.8029606,5.9903401
"Brussels, Belgium",50.8465573,4.351697,50.7964079,50.9139045,4.3140021,4.4370711
"Fredericia, Denmark",55.565268,9.7562169,55.525268,55.605268,9.7162169,9.7962169
"Fürth, Germany",49.4772475,10.9893626,49.4361798,49.5412538,10.8931571,11.0286601
"Neudorf, Canada",50.7136022,-103.0120907,50.6936022,50.7336022,-103.0320907,-102.9920907
"Wola Okrzejska, Poland",51.7490356,22.1354431,51.7290356,51.7690356,22.1154431,22.1554431
"Weimar, Germany",50.9810486,11.3296637,50.9171123,51.0367147,11.2349051,11.4019598
"Platteville, WI, USA",42.7342942,-90.4784451,42.713974,42.754691,-90.506309,-90.429595
"Calw, Germany",48.7112108,8.7452043,48.6479779,48.7614935,8.658392,8.8053722
"Worms, Germany",49.6302618,8.3620898,49.5902618,49.6702618,8.3220898,8.4020898
"Tokyo, Japan",35.6828387,139.7594549,20.2145811,35.8984245,135.8536855,154.205541
"Hamamatsu, Japan",34.7109786,137.7259431,34.4064663,35.304395,137.48685,138.058702
"Linköping, Sweden",58.4098135,15.6245252,58.2498135,58.5698135,15.4645252,15.7845252
"Vladivostok, Russia",43.1150678,131.8855768,43.0574834,43.2900297,131.8404249,132.2378628
"St. Petersburg, Russia",59.91785735,30.3806193570255,59.7441481,60.0907368,30.0433427,30.5671662
"Kharkiv, Ukraine",49.9923181,36.2310146,49.8784822,50.1047533,36.1055541,36.4554864
"Leoncin, Poland",52.3936382,20.534073,52.3892037,52.3996865,20.5219787,20.5419662
"Chiran, Japan",31.3792701,130.4433045,31.3592701,31.3992701,130.4233045,130.4633045
"Rymanow, Poland",49.576131,21.8676433,49.5539839,49.5975372,21.8396868,21.9058182
"Voronezh, Russia",51.6605982,39.2005858,51.4848657,51.9026192,39.0132338,39.6596479
"Ryazan, Russia",54.6702523,39.6884423623199,54.5285459,54.8120073,39.5366736,39.8995776
"Bergen, Norway",60.3943055,5.3259192,60.1760905,60.5360925,5.1445788,5.6867918
"Dolac, Bosnia and Herzegovina",44.5987218,17.9703908,44.5787218,44.6187218,17.9503908,17.9903908
"Neuenkirchen, Germany",54.23649,8.9877874,54.2050824,54.2609751,8.9489527,9.0513195
"Cape Town, South Africa",-33.928992,18.417396,-34.088992,-33.768992,18.257396,18.577396
"York, PA, USA",39.962398,-76.727392,39.942756,39.992584,-76.762814,-76.6994567
"Aberdeen, United Kingdom",57.1482429,-2.0928095,57.0761867,57.2353072,-2.3609399,-2.0161507
"Adelaide, Australia",-34.9281805,138.5999312,-35.350296,-34.572242,138.4281386,138.8479091
"Cheetham Hill, United Kingdom",53.5032866,-2.2344764,53.4832866,53.5232866,-2.2544764,-2.2144764
"Madrid, Spain",40.4167047,-3.7035825,40.3119774,40.6437293,-3.8889539,-3.5179163
"Jefferson City, MO, USA",38.577359,-92.1724265,38.524693,38.6176948,-92.287547,-92.037263
"Bad Kissingen, Germany",50.1985698,10.0746833,50.1585698,50.2385698,10.0346833,10.1146833
"Rotterdam, the Netherlands",51.9244424,4.47775,51.8616672,51.9942816,4.3793095,4.6018083
"Aigle, Switzerland",46.3179006,6.9688929,46.2913053,46.34167,6.9317667,7.0402847
"Minnigaff, Scotland",54.9616075,-4.4793821,54.9416075,54.9816075,-4.4993821,-4.4593821
"Canton, MA, USA",32.612602,-90.0367512,32.572602,32.652602,-90.0767512,-89.9967512
"Swanage, United Kingdom",50.6133327,-1.97110094240506,50.5903955,50.6362947,-1.9932257,-1.9427725
"Haverhill, MA, USA",42.7777829,-71.0767724,42.6177829,42.9377829,-71.2367724,-70.9167724
"Murfreesboro, TN, USA",35.8460396,-86.3921096,35.6860396,36.0060396,-86.5521096,-86.2321096
"Alice, TX, USA",27.7522487,-98.0697249,27.713395,27.805902,-98.1091544,-98.017155
"Winnipeg, Canada",49.8955367,-97.1384584,49.7135538,49.9940075,-97.3491505,-96.9565293
"Council, ID, USA",44.728532,-116.436481820947,44.720053,44.757957,-116.451543,-116.424751
"Champaign, IL, USA",40.1164841,-88.2430932,40.061887,40.16398,-88.333345,-88.221223
"the Hague, the Netherlands",52.0799838,4.3113461,52.0148484,52.1350362,4.1849984,4.4224897
"Cedarville, IL, USA",42.3759906,-89.6331674,42.3685028,42.3831628,-89.6428424,-89.6289844
"Lille, France",50.6365654,3.0635282,50.6008264,50.6612596,2.9679677,3.125725
"Toulouse, France",43.6044622,1.4442469,43.4444622,43.7644622,1.2842469,1.6042469
"Troyes, France",48.2971626,4.0746257,48.2663185,48.3185905,4.0411689,4.1111417
"Nice, France",43.7009358,7.2683912,43.5409358,43.8609358,7.1083912,7.4283912
"Rosheim, France",48.4864587,7.36205719540825,48.4610901,48.5117596,7.3196308,7.5144755
"Lemvig, Denmark",56.5486971,8.3046456,56.5286971,56.5686971,8.2846456,8.3246456
"Plains, GA, USA",32.0340872,-84.3926633,32.0260431,32.040638,-84.405974,-84.3856273
"Siegen, Germany",50.8749804,8.0227233,50.8114072,50.9513102,7.9215923,8.1279162
"Putney, VT, USA",42.9750374,-72.5219215,42.9618823,43.0234704,-72.6080362,-72.4432075
"Zusamaltheim, Germany",48.5299593,10.6370205,48.4898899,48.5524389,10.5831685,10.6740958
"Leiden, the Netherlands",52.1518157,4.48110886662043,52.1189516,52.1846262,4.4388652,4.5240721
"Silkeborg, Denmark",56.169453,9.5495141,56.129453,56.209453,9.5095141,9.5895141
"Schickenhof, Germany",49.6407345,11.9406665,49.6207345,49.6607345,11.9206665,11.9606665
"Farso, Denmark",56.7722256,9.3399599,56.7522256,56.7922256,9.3199599,9.3599599
"Jena, Germany",50.9281717,11.5879359,50.856077,50.988898,11.4989589,11.6729913
"Madison, WI, USA",43.074761,-89.3837613,42.9981494,43.171916,-89.571661,-89.246643
"Oxford, United Kingdom",51.7520131,-1.2578499,51.7109788,51.7962658,-1.3042472,-1.1758134
"Roanoke, VA, USA",37.270973,-79.9414313,37.2118995,37.3376132,-80.0374765,-79.8785498
"Sydney, Australia",-33.8548157,151.2164539,-34.1732416,-33.3641864,150.260825,151.343898
"Halifax, United Kingdom",53.7229229,-1.8604874,53.6829229,53.7629229,-1.9004874,-1.8204874
"West Hartford, CT, USA",41.7620447,-72.7420399,41.7184615,41.8066305,-72.8006054,-72.7138229
"Bluefield, WV, USA",37.2698395,-81.2223195,37.2298395,37.3098395,-81.2623195,-81.1823195
"Kingston Hill, United Kingdom",52.80826615,-2.08862478549425,52.8072315,52.8093008,-2.0897723,-2.0878226
"Middletown, CT, USA",41.5623178,-72.6509061,41.494838,41.6043185,-72.7529417,-72.550945
"Londonderry, Northern Ireland",54.9978678,-7.3213056,54.8378678,55.1578678,-7.4813056,-7.1613056
"Denver, CO, USA",39.7392364,-104.9848623,39.6143154,39.9142087,-105.1098845,-104.5996997
"Cluny, Scotland",57.197856,-2.5007314,57.177856,57.217856,-2.5207314,-2.4807314
"Burnham-on-Sea, United Kingdom",51.2377356,-2.998695,51.1977356,51.2777356,-3.038695,-2.958695
"Warwick, United Kingdom",52.2814519,-1.5815742,52.2137045,52.3892835,-1.7801776,-1.4060826
"Livingston Manor, NY, USA",41.893368,-74.8269043643449,41.877815,41.911174,-74.848091,-74.806331
"Salinas, CA, USA",36.6744117,-121.6550372,36.5144117,36.8344117,-121.8150372,-121.4950372
"Dili, East Timor",-8.5536809,125.5784093,-8.7136809,-8.3936809,125.4184093,125.7384093
"Azinhaga, Portugal",39.3618434,-8.53404802737336,39.3177911,39.4058621,-8.5782924,-8.4884978
"Milford, MA, USA",42.1539709,-71.5206312366506,42.1166642,42.1914134,-71.5644626,-71.4780275
"Gary, IN, USA",41.6020962,-87.3370647,41.4420962,41.7620962,-87.4970647,-87.1770647
"San Francisco, CA, USA",37.7790262,-122.419906,37.6190262,37.9390262,-122.579906,-122.259906
"Sumter, SC, USA",33.9204354,-80.3414693,33.863312,33.995403,-80.493671,-80.306068
"Warsaw, Poland",52.2319581,21.0067249,52.0978497,52.3681531,20.8516882,21.2711512
"Bogotá, Colombia",4.6533326,-74.083652,4.4711754,4.8331695,-74.2235137,-74.0102577
"Moguer, Spain",37.2746182,-6.8373527,37.0903286,37.3120288,-6.8960161,-6.7295334
"Echternach, Luxembourg",49.8120961,6.4214859,49.7687119,49.8326435,6.366396,6.470854
"Soignies, Belgium",50.579203,4.0685604,50.5003614,50.6336145,3.9521708,4.1305534
"Wels, Austria",48.1565472,14.0243752,48.1258189,48.2113139,13.9635518,14.090759
"Basel, Switzerland",47.5581077,7.5878261,47.519294,47.5898969,7.5546583,7.6341406
"Lund, Sweden",55.7029296,13.1929449,55.678392,55.7412932,13.1401706,13.263408
"Vidisha, India",23.916667,78,23.216667,24.616667,77.3,78.7
"Roholte, Denmark",55.195011,12.090212152543,55.1926097,55.1974522,12.0872407,12.0937505
"Helsa, Germany",51.2578825,9.6857299,51.2094721,51.274337,9.6238693,9.7614346
"Lenoir, NC, USA",35.9140196,-81.5389849,35.7540196,36.0740196,-81.6989849,-81.3789849
"Nagasaki, Japan",33.1154683,129.7874339,31.7849263,34.8917397,127.8685002,130.481954
"Bloomsburg, PA, USA",41.0044958,-76.4537302,40.976332,41.025429,-76.477797,-76.4276
"Nara, Japan",34.2963089,135.8816819,33.858956,34.781356,135.539682,136.229864
"Waltham, MA, USA",42.3756401,-71.2358004,42.3536377,42.4244463,-71.2860312,-71.1941707
"Uchiko, Japan",33.5495987,132.6500056,33.490742,33.655115,132.602216,132.926338
"Mokpo, South Korea",34.7903335,126.3847547,34.7388372,34.8492251,126.268314,126.4594156
"Logan, UT, USA",41.7313447,-111.8348631,41.6753841,41.7973558,-111.9019425,-111.7801917
"Gothenburg, Sweden",57.7072326,11.9670171,57.5472326,57.8672326,11.8070171,12.1270171
"Schroda, Poland",52.2284266,17.277827,52.1941865,52.2533852,17.2350181,17.3256488
"Lom, Norway",61.7142578,8.42589773417363,61.3977344,62.0309644,7.8956509,8.9926876
"Kumasi, Ghana",6.698081,-1.6230404,6.538081,6.858081,-1.7830404,-1.4630404
"Toyama City, Japan",36.7067505,137.214055660492,36.7060587,36.7075376,137.213122,137.2150001
"Nysa, Poland",50.4738029,17.3324733,50.4412388,50.5059221,17.2873029,17.3866264
"Nizhny Tagil, Russia",57.905149,59.9508466,57.827699,58.0319566,59.8033675,60.1595288
"Chorzów, Poland",50.2885563,18.9704425309351,50.2390968,50.3378618,18.9189693,19.0068304
"Aarberg, Switzerland",47.0443346,7.2753004,47.0267875,47.0616756,7.2571083,7.3080126
"Urbana, IL, USA",40.1117174,-88.207301,39.9517174,40.2717174,-88.367301,-88.047301
"Nam Ha province, Vietnam",18.3358904,105.9003199,18.3158904,18.3558904,105.8803199,105.9203199
"Popowo, Poland",54.3098368,19.1122966137418,54.3085433,54.3111252,19.1096375,19.1149905
"Osaka, Japan",34.6198813,135.490357,34.271821,35.051293,135.0258879,135.746603
"Vukovar, Croatia",45.3444116,19.0023817,45.2881124,45.3941473,18.9160804,19.0833843
"Toronto, Canada",43.6534817,-79.3839347,43.610384,43.7360196,-79.492821,-79.2785104
"Baku, Azerbaijan",40.16399915,50.2777092552026,39.5311636,40.79689,49.2187514,51.1765554
"Seattle, WA, USA",47.6038321,-122.3300624,47.4810022,47.7341354,-122.459696,-122.224433
"Portland, OR, USA",45.5202471,-122.6741949,45.432536,45.6528812,-122.8367489,-122.4720252
"Kilmaurs, Scotland",55.6383988,-4.5269606,55.6183988,55.6583988,-4.5469606,-4.5069606
"Dieppe, France",49.9246182,1.0791444,49.8846182,49.9646182,1.0391444,1.1191444
"Lyon, France",45.7578137,4.8320114,45.7073666,45.8082628,4.7718134,4.8983774
"Autun, France",46.9510313,4.2989478,46.8823573,46.9948988,4.2355802,4.3717358
"Chabris, France",47.252916,1.66625512984162,47.228568,47.277335,1.584594,1.7501905
"Bremen, Germany",53.0758196,8.8071646,53.0110367,53.5984187,8.4815929,8.9907318
"Agrigento, Sicily, Italy",37.3122991,13.57465,37.1522991,37.4722991,13.41465,13.73465
"Nagoya, Japan",35.1851045,136.8998438,35.0251045,35.3451045,136.7398438,137.0598438
"Mingora, Pakistan",34.7681309,72.3684619,34.6081309,34.9281309,72.2084619,72.5284619
"Bochum, Germany",51.4818111,7.2196635,51.4105043,51.5313751,7.1020817,7.3493347
"Örebro, Sweden",59.2747287,15.2151181,59.1147287,59.4347287,15.0551181,15.3751181
"Katowice, Poland",50.2598987,19.0215852,50.1300628,50.2976909,18.8915418,19.1244247
"Mexico City, Mexico",19.4326296,-99.1331785,19.0487187,19.5927572,-99.3649242,-98.9403028
"Verona, Italy",45.4384958,10.9924122,45.3494402,45.5418375,10.8771033,11.1239
"Arequipa, Peru",-16.3988667,-71.5369607,-16.4328295,-16.3740773,-71.5650919,-71.5133305
"Atlanta, GA, USA",33.7489924,-84.3902644,33.5889924,33.9089924,-84.5502644,-84.2302644
"Baltimore, MD, USA",39.2908816,-76.610759,39.1308816,39.4508816,-76.770759,-76.450759
"Brighton, United Kingdom",50.8214626,-0.1400561,50.8072983,50.8703661,-0.1744421,-0.0875354
"Waalwijk, the Netherlands",51.68733715,5.01730793995027,51.6515319,51.7230619,4.9179912,5.1115061
"Vyborg, Finland",59.95695,30.3555693,59.9569,59.957,30.3555193,30.3556193
"Toyohashi, Japan",34.769123,137.391461,34.3450155,34.861313,137.2452653,137.5345541
"Pongaroa, New Zealand",-40.5306354,176.1747887,-40.5839356,-40.4763801,176.1088682,176.2281977
"Kiel, Germany",54.3227085,10.135555,54.2507055,54.4329395,10.0329284,10.2186177
"Pretoria, South Africa",-25.7459374,28.1879444,-25.9059374,-25.5859374,28.0279444,28.3479444
"Pfaffendorf, Germany",52.26558765,14.1660058759875,52.2341702,52.297493,14.1355795,14.1884083
"Fosnavag, Norway",62.3421061,5.6342433,62.3021061,62.3821061,5.5942433,5.6742433
"St. Paul, MN, USA",44.9497487,-93.0931028,44.7897487,45.1097487,-93.2531028,-92.9331028
"Brest Litovsk, Belarus",52.093751,23.6851851,52.023784,52.1524458,23.5654232,23.854412
"Kansas City, MO, USA",39.100105,-94.5781416,38.940105,39.260105,-94.7381416,-94.4181416
"Blackpool, United Kingdom",53.8182212,-3.0564845,53.7782212,53.8582212,-3.0964845,-3.0164845
"Miami, FL, USA",25.7741728,-80.19362,25.7090517,25.8557827,-80.31976,-80.139157
"Lausanne, Switzerland",46.5218269,6.6327025,46.5043006,46.6025773,6.5838681,6.7208137
"Guatemala City, Guatemala",14.6222328,-90.5185188,14.5364078,14.7089957,-90.5871054,-90.3854097
"Privolnoye, Russia",45.91692355,41.3011690399994,45.896694,45.9372614,41.2756428,41.3279737
"Veshenskaya, Russia",49.628994,41.725105,49.6221665,49.6460656,41.6962111,41.7574437
"Gaomi, China",36.3654065,119.8005385,36.1430838,36.6900369,119.4277573,120.0101163
"Skopje, North Macedonia",41.9960924,21.4316495,41.9400344,42.0491811,21.3154077,21.5377092
"Chittagong, Bangladesh",22.68394485,91.7891389784915,22.6838708,22.6840541,91.7890006,91.7892902
"Timmins, ON, Canada",48.477473,-81.330414,48.2765014,48.7116561,-81.7276447,-80.8114215
"Kojo, Iraq",36.179423,41.909093,36.159423,36.199423,41.889093,41.929093
"Springs, South Africa",-26.243056,28.431667,-26.283056,-26.203056,28.391667,28.471667
"Trönö, Sweden",61.3961376,16.8337173,61.3761376,61.4161376,16.8137173,16.8537173
"Qunu, South Africa",-31.795771,28.614906,-31.815771,-31.775771,28.594906,28.634906
"Elizabeth, NJ, USA",40.6639916,-74.2107006,40.5039916,40.8239916,-74.3707006,-74.0507006
"Dordrecht, the Netherlands",51.7958812,4.6779351,51.7141233,51.8233583,4.620404,4.8846426
"Usman, Russia",52.0506929,39.7399996,52.0110252,52.0790857,39.6993163,39.7521648
"Saratov, Russia",51.530018,46.034683,51.3921102,51.6856159,45.8053143,46.2097151
"Cresco, IA, USA",43.3813568,-92.1140547,43.3565538,43.3856917,-92.1401157,-92.0951944
"Chorley, United Kingdom",53.055143,-2.6381555,53.0349959,53.0664515,-2.6581567,-2.6130158
"Iráklion, Greece",35.3400127,25.1343475,35.1800127,35.5000127,24.9743475,25.2943475
"Sulechów, Poland",52.0854782,15.6259091,52.0624913,52.1096365,15.5900427,15.638545
"Superior, WI, USA",46.623324,-92.117435,46.503348,46.6802487,-92.2922408,-92.0555453
"Istanbul, Turkey",41.0096334,28.9651646,40.8496334,41.1696334,28.8051646,29.1251646
"Kyoto, Japan",35.021041,135.7556075,34.874916,35.3212207,135.559006,135.878442
"Heredia, Costa Rica",10.3767813,-84.0139721354854,9.9593118,10.792375,-84.2001112,-83.7106848
"Hanover, Germany",52.3744779,9.7385532,52.3051373,52.4543349,9.60443,9.9184259
"Zory, Poland",50.0388902,18.680612383122,49.9962913,50.0816023,18.6005492,18.7762463
"Freiburg im Breisgau, Germany",47.9960901,7.8494005,47.9035777,48.0710579,7.6620055,7.9308444
"Dewsbury, United Kingdom",53.6909103,-1.6302142,53.6509103,53.7309103,-1.6702142,-1.5902142
"Parral, Chile",-36.1417466,-71.8227767,-36.5437253,-35.9149863,-72.1075945,-71.1076468
"Växjö, Sweden",56.8787183,14.8094385,56.7187183,57.0387183,14.6494385,14.9694385
"Sidney, OH, USA",40.2842164,-84.1554987,40.253997,40.324103,-84.216291,-84.11803
"Provo, UT, USA",40.2338438,-111.6585337,40.185799,40.328801,-111.740962,-111.5368724
"Strzelin, Poland",50.78092,17.0683947,50.7597088,50.7958359,17.042748,17.1108481
"La Fleche, France",47.6968408,-0.0746149,47.6368323,47.7447872,-0.1413986,0.0205427
"Sterling, IL, USA",41.788642,-89.6962194,41.783086,41.820006,-89.757636,-89.640675
"Raton, NM, USA",36.9033719,-104.4393587,36.8485717,36.922739,-104.4739999,-104.4033197
"Olten, Switzerland",47.3496571,7.903787,47.3110257,47.3689221,7.8748507,7.9290774
"Novaya Chigla, Russia",51.221802,40.480701,51.201802,51.241802,40.460701,40.500701
"Hillsboro, WV, USA",38.1353972,-80.2131261,38.129589,38.141158,-80.221923,-80.205383
"Northfield, MN, USA",44.4582041,-93.161159,44.4182041,44.4982041,-93.201159,-93.121159
"Brisbane, Australia",-27.4689682,153.0234991,-27.660219,-27.022014,152.679693,153.468275
"Maastricht, the Netherlands",50.8512438,5.6909768,50.8038053,50.9120028,5.6388661,5.7629249
"Plzen, Czech Republic",49.7477415,13.3775249,49.6776013,49.8057641,13.2679878,13.4758418
"Griffen, Austria",46.7038006,14.7308073,46.6698626,46.8260969,14.6463226,14.8063238
"Newcastle upon Tyne, United Kingdom",54.9738474,-1.6131572,54.959032,55.0793823,-1.7756721,-1.5292003
"Rio de Janeiro, Brazil",-22.9110137,-43.2093727,-23.0710137,-22.7510137,-43.3693727,-43.0493727
"Mitcham, United Kingdom",51.4058006,-0.1640787,51.3858006,51.4258006,-0.1840787,-0.1440787
"Indianapolis, IN, USA",39.7683331,-86.1583502,39.6321626,39.9275253,-86.3281207,-85.9380401
"Bratislava, Slovakia",48.1516988,17.1093063,47.9916988,48.3116988,16.9493063,17.2693063
"Falmouth, KY, USA",38.6767366,-84.3304592,38.654218,38.6828463,-84.3467187,-84.32125
"Zonnemaire, the Netherlands",51.7129045,3.9517495,51.6970809,51.735528,3.9153482,3.9855757
"Blankenburg, Germany",51.7902676,10.9551991,51.7368951,51.9044135,10.8299484,11.0564752
"Kronshtadt, Russia",60.014495,29.7048001,59.999495,60.029495,29.6898001,29.7198001
"Calcutta, India",22.5726723,88.3638815,22.4503235,22.6325362,88.2406237,88.4589549
"Detroit, MI, USA",42.3315509,-83.0466403,42.255192,42.4502432,-83.287959,-82.9104391
"Montreal, Canada",45.5031824,-73.5698065,45.3431824,45.6631824,-73.7298065,-73.4098065
"Fareham, United Kingdom",50.8526637,-1.1783134,50.80894,50.8990142,-1.3129117,-1.1122929
"Catanzaro, Italy",38.82996035,16.4315568762783,38.4633398,39.1942391,16.0957168,16.9205972
"Bayonne, France",43.4933379,-1.475099,43.4533379,43.5333379,-1.515099,-1.435099
"Akron, OH, USA",41.083064,-81.518485,40.9976575,41.171061,-81.621014,-81.404942
"Medicine Hat, Alberta, Canada",50.04303,-110.679016,49.9895477,50.1135772,-110.8009864,-110.617509
"Springfield, MA, USA",42.1018764,-72.5886727,42.0637364,42.1622195,-72.6221576,-72.471087
"East Orange, NJ, USA",40.767323,-74.2048677,40.745135,40.7881364,-74.2382805,-74.1898085
"Derby, United Kingdom",52.9212617,-1.4761491,52.7612617,53.0812617,-1.6361491,-1.3161491
"Liverpool, United Kingdom",53.4071991,-2.99168,53.3115427,53.4749885,-3.0191726,-2.8180003
"Winterthur, Switzerland",47.4991723,8.7291498,47.4497183,47.5480032,8.6566073,8.8099397
"Berne, IN, USA",40.6578242,-84.9519115,40.643002,40.672497,-84.975938,-84.936465
"Karlsruhe, Germany",49.0068705,8.4034195,48.9404699,49.0912838,8.2773142,8.5417299
"Turin, Italy",45.0677551,7.6824892,45.0067924,45.1402175,7.5778348,7.7733388
"Morrison, IL, USA",41.809751,-89.9651186,41.7919447,41.8224177,-89.9845404,-89.9377734
"Visalia, CA, USA",36.3302284,-119.2920585,36.269435,36.36565,-119.421412,-119.241917
"Yakima, WA, USA",46.601557,-120.510842,46.441557,46.761557,-120.670842,-120.350842
"Syracuse, NY, USA",43.0481221,-76.1474244,42.9843709,43.086102,-76.2046029,-76.074084
"Charleston, SC, USA",32.7876012,-79.9402728,32.668505,32.973515,-80.1438459,-79.797064
"Batley, United Kingdom",53.716564,-1.6363856,53.676564,53.756564,-1.6763856,-1.5963856
"Possum Trot, KY, USA",37.0056129,-88.4305964,36.9856129,37.0256129,-88.4505964,-88.4105964
"Clausthal-Zellerfeld, Germany",51.8070405,10.3364483,51.7657965,51.8581215,10.2689608,10.5788791
"Kingston, ON, Canada",44.230687,-76.481323,44.070687,44.390687,-76.641323,-76.321323
"Newburyport, MA, USA",42.8125913,-70.8772751,42.6525913,42.9725913,-71.0372751,-70.7172751
"Houston, TX, USA",29.7589382,-95.3676974,29.5989382,29.9189382,-95.5276974,-95.2076974
"Burlington, MA, USA",36.0956918,-79.4377991,35.9356918,36.2556918,-79.5977991,-79.2777991
"Newton-le-Willows, United Kingdom",53.4530667,-2.6263483,53.4530167,53.4531167,-2.6263983,-2.6262983
"St. Louis, MO, USA",38.6529545,-90.2411165602464,38.5323215,38.7743396,-90.3206525,-90.1641941
"Dijon, France",47.3215806,5.0414701,47.1615806,47.4815806,4.8814701,5.2014701
"Neuilly-sur-Seine, France",48.884683,2.2695658,48.844683,48.924683,2.2295658,2.3095658
"Clamecy, France",49.42740405,3.36193450038194,49.4175435,49.437185,3.3477602,3.3829807
"Willesden, United Kingdom",51.5466216,-0.2358661,51.5066216,51.5866216,-0.2758661,-0.1958661
"Almora, India",29.703095,79.4331702332672,29.4271811,29.9790632,79.0251417,80.0783157
"Aurich, Germany",53.51228535,7.3915315655952,53.3322803,53.7374356,6.8637677,7.8158155
"Bombay, India",19.0759899,72.8773928,18.8939566,19.2694771,72.776333,72.9817485
"Kobe, Japan",34.6932379,135.1943764,34.5324108,34.890578,134.910023,135.3297266
"Torino, Italy",45.0677551,7.6824892,45.0067924,45.1402175,7.5778348,7.7733388
"Modica, Italy",36.8589209,14.7613018,36.7036829,37.038655,14.7124891,14.9382269
"Petilla de Aragón, Spain",42.461519,-1.0925498,42.4010141,42.486008,-1.1879727,-1.050963
"Yamanashi Prefecture, Japan",35.6399328,138.6380495,35.168384,35.971709,138.180087,139.134411
"Champaign-Urbana, IL, USA",40.1157948,-88.241194,40.1107948,40.1207948,-88.246194,-88.236194
"Marbacka, Sweden",59.7809224,13.2331374,59.7808724,59.7809724,13.2330874,13.2331874
"Nova Pryluka, Ukraine",49.3730757,28.707014,49.352835,49.3926216,28.6808824,28.7240821
"Casablanca, Morocco",33.5950627,-7.6187768,33.4937724,33.6409103,-7.746445,-7.4574165
"Luarca, Spain",43.5439003,-6.5357408,43.5039003,43.5839003,-6.5757408,-6.4957408
"Hamadan, Iran",34.973321,48.6555779,34.0010465,35.7338618,47.7971938,49.4727961
"Buchach, Ukraine",49.0630503,25.389969,49.0419232,49.0788423,25.3352271,25.4200727
"Ikata, Japan",33.4896014,132.3560996,33.2360808,33.6230586,131.8803602,132.377241
"Kalundborg, Denmark",55.6833793,11.0993619,55.6433793,55.7233793,11.0593619,11.1393619
"Pinsk, Belarus",52.1113862,26.1025274,52.0895578,52.1643595,25.9867602,26.153297
"Sauk Centre, MN, USA",45.737465,-94.9525216,45.7149609,45.7589556,-94.97854,-94.9274315
"Lochfield, Scotland",55.8314459,-4.4152067,55.8114459,55.8514459,-4.4352067,-4.3952067
"Birmingham, United Kingdom",52.4796992,-1.9026911,52.381053,52.6087058,-2.0336486,-1.7288417
"Leipzig, Germany",51.3406321,12.3747329,51.2381704,51.4481145,12.2366519,12.5424407
"Tiruchirappalli, India",10.804973,78.6870296,10.644973,10.964973,78.5270296,78.8470296
"Traralgon, Australia",-38.1946441,146.5382327,-38.250771,-38.153106,146.464222,146.564709
"Leicester, United Kingdom",52.6361398,-1.1330789,52.4761398,52.7961398,-1.2930789,-0.9730789
"Wisbech, United Kingdom",52.6651733,0.1606824,52.6286757,52.6821554,0.102714,0.1847013
"Edinburgh, United Kingdom",55.9533456,-3.1883749,55.8187919,56.0040837,-3.4495326,-3.0749512
"Uddingston, Scotland",55.8189569,-4.0824857,55.7789569,55.8589569,-4.1224857,-4.0424857
"Dippenhall, United Kingdom",51.2120604,-0.8359555,51.1920604,51.2320604,-0.8559555,-0.8159555
"Melbourne, Australia",-37.8142176,144.9631608,-38.49937,-37.40175,144.44405,146.1925
"Stroud, United Kingdom",51.745424,-2.2198605,51.5898442,51.850456,-2.540813,-2.0687093
"Leeds, United Kingdom",53.7974185,-1.5437941,53.6989675,53.9458715,-1.8004214,-1.2903516
"Holbeach, United Kingdom",52.8733779,0.0040772,52.8733279,52.8734279,0.0040272,0.0041272
"Norwich, United Kingdom",52.628606,1.29227,52.555435,52.6849096,1.2038691,1.5407848
"Lancashire, United Kingdom",53.8611703,-2.56508879194755,53.4827602,54.2395575,-3.0845488,-2.0450727
"Rufford, near Chesterfield, United Kingdom",53.2280798,-1.4411911,53.227961,53.2281056,-1.4416967,-1.4411117
"Des Moines, IA, USA",41.5910323,-93.6046655,41.4796389,41.6589106,-93.7091411,-93.4936911
"Arad, Romania",46.1753793,21.3196342,46.0153793,46.3353793,21.1596342,21.4796342
"Lahore, Pakistan",31.5656822,74.3141829,31.4056822,31.7256822,74.1541829,74.4741829
"Vik, Sweden",55.6139486,14.2892998,55.5939486,55.6339486,14.2692998,14.3092998
"Ivano-Frankivsk, Ukraine",48.7481718,24.5207477,47.7243356,49.5477701,23.5470764,25.6531196
"Germiston, South Africa",-26.229444,28.180556,-26.269444,-26.189444,28.140556,28.220556
"Wloclawek, Poland",52.66017,19.0722963,52.5947901,52.7359715,18.9390544,19.1826084
"Higashimatsuyama, Japan",36.0421523,139.399796,35.8821523,36.2021523,139.239796,139.559796
"Ta'izz, Yemen",13.4115414,43.5570871,12.5165943,13.914661,43.0210082,44.5161207
"Taktser, China",36.3781555,101.8652258,36.3581555,36.3981555,101.8452258,101.8852258
"Fleräng, Sweden",60.6370727,17.3618155,60.6170727,60.6570727,17.3418155,17.3818155
"Bern, Switzerland",46.9482713,7.4514512,46.7882713,47.1082713,7.2914512,7.6114512
"Garding, Germany",54.3294634,8.7795106,54.3231913,54.3384662,8.7606846,8.8019083
"Germantown, PA, USA",40.0434449,-75.1801775,40.0334449,40.0534449,-75.1901775,-75.1701775
"Arlington, SD, USA",44.364413,-97.133121,44.354921,44.37314,-97.149045,-97.119556
"Oakland, CA, USA",37.8044557,-122.2713563,37.6336763,37.8854257,-122.355881,-122.1144203
"Göttingen, Germany",51.5328328,9.9351811,51.4830052,51.5908201,9.8001329,10.0536032
"Lexington, KY, USA",38.0464066,-84.4970393,37.8452952,38.211404,-84.660415,-84.282715
"Pasadena, CA, USA",34.1476452,-118.1444779,34.1172023,34.251905,-118.198139,-118.065479
"Lübeck, Germany",53.866444,10.684738,53.866394,53.866494,10.684688,10.684788
"Neston, United Kingdom",53.2851131,-3.07412672373133,53.2536988,53.3163651,-3.128278,-3.017383
"'s Graveland, the Netherlands",52.2383167,5.1217171,52.2208146,52.271363,5.1177193,5.1422932
"Lorain, OH, USA",41.4673238,-82.1781904,41.4047198,41.485224,-82.292137,-82.102004
"Skedsmo, Norway",59.2784167,9.2130611,59.2684167,59.2884167,9.2030611,9.2230611
"Zhejiang Ningbo, China",29.802278,121.559356338451,29.7980681,29.8064014,121.5543758,121.5638918
"Chaguanas, Trinidad and Tobago",10.5147394,-61.4076757,10.5031318,10.5662804,-61.4682953,-61.3644917
"Merriman, NE, USA",42.919783,-101.7004407,42.914897,42.930589,-101.711504,-101.689318
"Chidambaram, Tamil Nadu, India",11.41018075,79.6722201784189,11.3214107,11.5021893,79.5311021,79.812775
"Olshammar, Sweden",58.7555403,14.7995023,58.7355403,58.7755403,14.7795023,14.8195023
"Wichita, KS, USA",37.6922361,-97.3375448,37.5322361,37.8522361,-97.4975448,-97.1775448
"Sevilla, Spain",37.3886303,-5.9953403,37.3002036,37.4529579,-6.0329183,-5.8191571
"Peggau, Austria",47.206807,15.3451254,47.170078,47.231081,15.3198932,15.378262
"Cherbourg, France",49.6425343,-1.6249565,49.6025343,49.6825343,-1.6649565,-1.5849565
"Sarajevo, Bosnia and Herzegovina",43.8519774,18.3866868,43.8209082,43.966773,18.2494674,18.5171652
"Amoy, China",24.4801069,118.0853479,24.3201069,24.6401069,117.9253479,118.2453479
"Frauenfeld, Switzerland",47.5561915,8.8963347,47.5270307,47.5865626,8.8377421,8.9458169
"Oranienburg, Germany",52.7529379,13.2457591,52.7093903,52.8464685,13.1309851,13.4306044
"Briesen, Germany",51.8154844,14.2456389,51.7934177,51.850574,14.2204839,14.27452
"Nyeri, Kenya",-0.4192962,36.9517005,-0.4452637,-0.4056324,36.9077432,36.9861603
"Ridgeville, IN, USA",40.2892107,-85.028857,40.284374,40.302269,-85.036259,-85.02177
"Gränichen, Switzerland",47.3592835,8.0971009,47.330408,47.3782704,8.0705956,8.1429418
"Würzburg, Germany",49.79245,9.932966,49.7106843,49.8454619,9.8716285,10.0144286
"Remscheid, Germany",51.1798706,7.1943544,51.1422902,51.2268285,7.1310236,7.3093209
"Riga, Latvia",56.9493977,24.1051846,56.8573462,57.0859815,23.9325504,24.3245042
"Grand Valley, CO, USA",41.7211706,-79.5375503,41.7011706,41.7411706,-79.5575503,-79.5175503
"Amherst, NS, Canada",45.8286903,-64.2040548,45.8031969,45.8457658,-64.2339168,-64.1791327
"Semarang, Indonesia",-6.9903988,110.4229104,-7.1144639,-6.9319917,110.2672863,110.5088836
"Wigton, United Kingdom",54.8250263,-3.1583101,54.8118761,54.8344559,-3.1818588,-3.1444746
"Ramelton, Ireland",55.0373603,-7.6436895,54.9973603,55.0773603,-7.6836895,-7.6036895
"Albuquerque, NM, USA",35.0841034,-106.650985,34.9241034,35.2441034,-106.810985,-106.490985
"Pleasanton, CA, USA",37.6624312,-121.8746789,37.6200582,37.7030362,-121.954974,-121.7989177
"Niagara Falls, Canada",43.1065603,-79.0639039,42.959288,43.1479269,-79.1772787,-78.9997399
"New Albany, MS, USA",34.4942683,-89.0078418,34.4542683,34.5342683,-89.0478418,-88.9678418
"St. Columb Minor, United Kingdom",50.4212397,-5.0428584,50.4012397,50.4412397,-5.0628584,-5.0228584
"Taunton, MA, USA",41.8946107,-71.11113,41.838493,41.9931781,-71.1938999,-70.9737172
"Stoughton, WI, USA",42.9167389,-89.2178997,42.9033181,42.9478966,-89.2603213,-89.185412
"Victoria, BC, Canada",48.4283182,-123.3649533,48.4028109,48.4504983,-123.398075,-123.3224485
"Woodstock, United Kingdom",51.8474887,-1.3545343,51.8404089,51.8678089,-1.3697251,-1.3370126
"Kórnik, Poland",52.2492751,17.0901242,52.2198084,52.2608222,17.0724237,17.1111566
"Kobiele Wielkie, Poland",51.0304056,19.6243691,51.0104056,51.0504056,19.6043691,19.6443691
"Abeokuta, Nigeria",7.1547129,3.3467344,6.9947129,7.3147129,3.1867344,3.5067344
"Lorenzkirch, Germany",51.3534695,13.2479165,51.3334695,51.3734695,13.2279165,13.2679165
"Staunton, VA, USA",38.1495947,-79.072557,38.121176,38.1990176,-79.1138396,-79.0113808
"Fukuoka, Japan",33.6251241,130.6180016,32.9397302,34.6474905,129.8133106,131.2494964
"Hsinchu, Taiwan",24.8066333,120.9686833,24.712573,24.8532113,120.8794247,121.0335407
"Menin, Belgium",50.7937353,3.16704061110027,50.7553195,50.8321795,3.0805825,3.2197575
"Vitebsk, Belorussia, Belarus",54.3836054,30.4054004,54.3809778,54.3865138,30.3989157,30.4115245
